replication,cohort,scenario,planned,reason,winner,winner_category,false_acceptances,invalid_attempts,gini,hhi,top1_share,effective_miners,rank_stability_tau_b,validator_disagreement_tv,hardware_pair_tau_b,honest_weight,gaming_weight,sybil_weight,safe_no_update,strategy_evaluations,duplicate_cache_hits,trial_pairs,injected_false_claims,accepted_injected_false_claims,sybil_strategy_allocation_gain
0,0,honest,True,,aggregate-advisor,honest,0,96,0.14935871132510564,0.10827737393197849,0.1360591188084898,9.235539833356277,0.4290201599558712,0.09654388774799473,,0.6990809113737527,0.0,0.3009190886262473,False,456,24,4510,0,0,0.0
1,0,fast-worker,True,,aggregate-advisor,honest,0,96,0.1493587113251057,0.1082773739319785,0.13605911880848984,9.235539833356276,0.4290201599558712,0.09654388774799476,1.0,0.6990809113737527,0.0,0.30091908862624733,False,456,24,4510,0,0,0.0
2,0,slow-worker,True,,aggregate-advisor,honest,0,96,0.14935871132510567,0.10827737393197849,0.1360591188084898,9.235539833356277,0.4290201599558712,0.09654388774799473,1.0,0.6990809113737527,0.0,0.3009190886262473,False,456,24,4510,0,0,0.0
3,0,order-bias,True,,aggregate-advisor,honest,0,96,0.23458405644241234,0.12023604096015517,0.14453432858458726,8.316973779362781,0.44127787881175323,0.12031129568706271,,0.7042164543014127,0.0,0.29578354569858734,False,456,24,4510,0,0,0.0
4,0,timing-outliers,True,,covering-join,honest,0,94,0.17043067518503488,0.13748689651330268,0.17058828176593296,7.273420415764814,0.196469089002845,0.3431920247883977,,0.8724487661708543,0.0,0.12755123382914577,False,456,24,4450,0,0,0.0
5,0,candidate-measurement-bias,True,,aggregate-advisor,honest,0,96,0.20631189569966885,0.14227152451910527,0.18840555396804448,7.028813414210042,0.4518789047065435,0.19737095553432815,,0.7798645467383662,0.0,0.22013545326163375,False,456,24,4510,0,0,0.0
6,0,false-accept-claim,True,,aggregate-advisor,honest,0,96,0.14935871132510564,0.10827737393197849,0.1360591188084898,9.235539833356277,0.4290201599558712,0.09654388774799473,,0.6990809113737527,0.0,0.3009190886262473,False,456,24,4510,96,0,0.0
7,0,all-fail,False,all_failed,,,0,0,0.0,0.0,0.0,0.0,,,,0.0,0.0,0.0,True,456,24,0,0,0,
8,1,honest,True,,aggregate-advisor,honest,0,96,0.14716204543501168,0.08970261556121105,0.11341507628384599,11.14794695498731,0.5088502445991074,0.08333964144897704,,0.7514991462360693,0.0,0.24850085376393072,False,456,24,4510,0,0,0.0
9,1,fast-worker,True,,aggregate-advisor,honest,0,96,0.14716204543501174,0.08970261556121105,0.11341507628384603,11.14794695498731,0.5088502445991074,0.08333964144897704,1.0,0.7514991462360694,0.0,0.24850085376393066,False,456,24,4510,0,0,0.0
10,1,slow-worker,True,,aggregate-advisor,honest,0,96,0.1471620454350117,0.08970261556121104,0.11341507628384596,11.147946954987312,0.5088502445991074,0.08333964144897704,1.0,0.7514991462360693,0.0,0.24850085376393072,False,456,24,4510,0,0,0.0
11,1,order-bias,True,,warm-specialist,honest,0,96,0.23505626395111492,0.09920666196090933,0.12589183314562727,10.079968222235244,0.5088502445991074,0.11274137005075857,,0.7540038924728674,0.0,0.24599610752713263,False,456,24,4510,0,0,0.0
12,1,timing-outliers,True,,warm-specialist,honest,0,95,0.1494410088781837,0.0896493602191941,0.11220166479746214,11.154569285882065,0.5205479513715007,0.24454237817927885,,0.7509155001510536,0.0,0.24908449984894634,False,456,24,4510,0,0,0.0
13,1,candidate-measurement-bias,True,,aggregate-advisor,honest,0,96,0.2982111055971525,0.12959250523649035,0.1687151333031433,7.716495627390822,0.5393396296588095,0.24517072472861245,,0.8107677534664903,0.0,0.1892322465335097,False,456,24,4510,0,0,0.0
14,1,false-accept-claim,True,,aggregate-advisor,honest,0,96,0.14716204543501168,0.08970261556121105,0.11341507628384599,11.14794695498731,0.5088502445991074,0.08333964144897704,,0.7514991462360693,0.0,0.24850085376393072,False,456,24,4510,96,0,0.0
15,1,all-fail,False,all_failed,,,0,0,0.0,0.0,0.0,0.0,,,,0.0,0.0,0.0,True,456,24,0,0,0,
16,2,honest,True,,aggregate-advisor,honest,0,94,0.11711041956321465,0.08784996318136276,0.10616515584283846,11.383044042210237,0.7077112597297931,0.08128156064814092,,0.8443924295214554,0.0,0.15560757047854454,False,456,24,4510,0,0,0.0
17,2,fast-worker,True,,aggregate-advisor,honest,0,94,0.11711041956321468,0.08784996318136276,0.1061651558428385,11.383044042210237,0.7077112597297931,0.08128156064814095,1.0,0.8443924295214555,0.0,0.15560757047854448,False,456,24,4510,0,0,0.0
18,2,slow-worker,True,,aggregate-advisor,honest,0,94,0.11711041956321477,0.08784996318136278,0.10616515584283853,11.383044042210235,0.7077112597297931,0.08128156064814092,1.0,0.8443924295214554,0.0,0.1556075704785445,False,456,24,4510,0,0,0.0
19,2,order-bias,True,,warm-specialist,honest,0,94,0.1779033568554,0.09322750941426955,0.11339887346685676,10.726447657808377,0.6726181394126133,0.09742789815797709,,0.8537883633404463,0.0,0.1462116366595538,False,456,24,4510,0,0,0.0
20,2,timing-outliers,True,,warm-specialist,honest,0,95,0.14764159851311745,0.10774495596169507,0.12995129176728978,9.28117693375377,0.4596644570955763,0.2630473749352226,,0.9085164340191373,0.0,0.09148356598086267,False,456,24,4480,0,0,0.0
21,2,candidate-measurement-bias,True,,aggregate-advisor,honest,0,94,0.27043464039792453,0.11249481499406803,0.1423575477968994,8.889298587252497,0.6930593502290829,0.1850891233295799,,0.8958328695705108,0.0,0.1041671304294891,False,456,24,4510,0,0,0.0
22,2,false-accept-claim,True,,aggregate-advisor,honest,0,94,0.11711041956321465,0.08784996318136276,0.10616515584283846,11.383044042210237,0.7077112597297931,0.08128156064814092,,0.8443924295214554,0.0,0.15560757047854454,False,456,24,4510,94,0,0.0
23,2,all-fail,False,all_failed,,,0,0,0.0,0.0,0.0,0.0,,,,0.0,0.0,0.0,True,456,24,0,0,0,
24,3,honest,True,,aggregate-advisor,honest,0,94,0.1397286993151516,0.0822702303674039,0.10313193337713374,12.155065028190412,0.6149425287356322,0.06361969247211839,,0.7742026295167916,0.0,0.2257973704832083,False,456,24,4520,0,0,0.0
25,3,fast-worker,True,,aggregate-advisor,honest,0,94,0.1397286993151516,0.0822702303674039,0.10313193337713374,12.155065028190412,0.6149425287356322,0.0636196924721184,1.0,0.7742026295167916,0.0,0.22579737048320828,False,456,24,4520,0,0,0.0
26,3,slow-worker,True,,aggregate-advisor,honest,0,94,0.1397286993151516,0.0822702303674039,0.10313193337713375,12.155065028190412,0.6149425287356322,0.06361969247211842,1.0,0.7742026295167916,0.0,0.2257973704832083,False,456,24,4520,0,0,0.0
27,3,order-bias,True,,warm-specialist,honest,0,94,0.22211347713214347,0.09011912084073453,0.1139339936665625,11.096424273459983,0.603448275862069,0.08317817815304267,,0.7778774005012284,0.0,0.22212259949877153,False,456,24,4520,0,0,0.0
28,3,timing-outliers,True,,aggregate-advisor,honest,0,93,0.11109584940047887,0.0946202133778068,0.11976631598374123,10.568566316872737,0.5735663588102755,0.1203559580504613,,0.8363000423089578,0.0,0.16369995769104217,False,456,24,4490,0,0,0.0
29,3,candidate-measurement-bias,True,,aggregate-advisor,honest,0,94,0.2186860939621435,0.11579081791715343,0.1503024813199197,8.636263375525033,0.6006282239382197,0.20332698922228362,,0.8321953824487659,0.0,0.16780461755123416,False,456,24,4520,0,0,0.0
30,3,false-accept-claim,True,,aggregate-advisor,honest,0,94,0.1397286993151516,0.0822702303674039,0.10313193337713374,12.155065028190412,0.6149425287356322,0.06361969247211839,,0.7742026295167916,0.0,0.2257973704832083,False,456,24,4520,94,0,0.0
31,3,all-fail,False,all_failed,,,0,0,0.0,0.0,0.0,0.0,,,,0.0,0.0,0.0,True,456,24,0,0,0,
32,4,honest,True,,aggregate-advisor,honest,0,95,0.1625904568762734,0.10894686376363558,0.13441568239981871,9.178786478604273,0.42289130052793017,0.1113134970616357,,0.9005101936492018,0.0,0.09948980635079825,False,456,24,4480,0,0,0.0
33,4,fast-worker,True,,aggregate-advisor,honest,0,95,0.16259045687627338,0.10894686376363558,0.13441568239981871,9.178786478604273,0.42289130052793017,0.11131349706163572,1.0,0.9005101936492018,0.0,0.09948980635079821,False,456,24,4480,0,0,0.0
34,4,slow-worker,True,,aggregate-advisor,honest,0,95,0.1625904568762734,0.10894686376363558,0.1344156823998187,9.178786478604273,0.42289130052793017,0.11131349706163572,1.0,0.9005101936492017,0.0,0.09948980635079824,False,456,24,4480,0,0,0.0
35,4,order-bias,True,,warm-specialist,honest,0,95,0.2580608062044519,0.12256126936338849,0.15081273670300396,8.15918442420049,0.43514901938381223,0.14277796607523702,,0.9022239632336421,0.0,0.09777603676635788,False,456,24,4480,0,0,0.0
36,4,timing-outliers,True,,warm-specialist,honest,0,95,0.1520959170690535,0.07680094912149993,0.09796130965138775,13.020672419269054,0.7592829692333948,0.3657836723228851,,0.8115215902295388,0.0,0.1884784097704611,False,456,24,4540,0,0,0.0
37,4,candidate-measurement-bias,True,,aggregate-advisor,honest,0,95,0.18661423080007863,0.16045596283297026,0.1890488746227314,6.232239564951347,0.5126654894969138,0.2592313024538738,,0.9291398052062013,0.0,0.0708601947937986,False,456,24,4480,0,0,0.0
38,4,false-accept-claim,True,,aggregate-advisor,honest,0,95,0.1625904568762734,0.10894686376363558,0.13441568239981871,9.178786478604273,0.42289130052793017,0.1113134970616357,,0.9005101936492018,0.0,0.09948980635079825,False,456,24,4480,95,0,0.0
39,4,all-fail,False,all_failed,,,0,0,0.0,0.0,0.0,0.0,,,,0.0,0.0,0.0,True,456,24,0,0,0,
40,5,honest,True,,aggregate-advisor,honest,0,96,0.06356491788615815,0.10132636205969245,0.1197671674370509,9.869100001941145,0.6864322559293939,0.07345851409968417,,0.7366516296547487,0.0,0.2633483703452513,False,456,24,4510,0,0,0.0
41,5,fast-worker,True,,aggregate-advisor,honest,0,96,0.06356491788615802,0.10132636205969243,0.11976716743705083,9.869100001941147,0.6864322559293939,0.0734585140996842,1.0,0.7366516296547486,0.0,0.2633483703452514,False,456,24,4510,0,0,0.0
42,5,slow-worker,True,,aggregate-advisor,honest,0,96,0.06356491788615812,0.10132636205969243,0.11976716743705088,9.869100001941147,0.6864322559293939,0.07345851409968415,1.0,0.7366516296547487,0.0,0.26334837034525127,False,456,24,4510,0,0,0.0
43,5,order-bias,True,,warm-specialist,honest,0,96,0.09826138774989941,0.10323115569498985,0.12242607198147414,9.686998012059776,0.6619168182176298,0.08652124764432563,,0.7620607099179039,0.0,0.2379392900820962,False,456,24,4510,0,0,0.0
44,5,timing-outliers,True,,aggregate-advisor,honest,0,93,0.09740712109841829,0.08001915535455227,0.09594269382634296,12.497007692335135,0.7298850574712644,0.27334588968439383,,0.7763017451351834,0.0,0.22369825486481676,False,456,24,4490,0,0,0.0
45,5,candidate-measurement-bias,True,,timeout-prone,honest,0,96,0.22307024141848592,0.11637421391312436,0.15400506166329897,8.592968892116597,0.6864322559293939,0.16891057826680841,,0.837438543801255,0.0,0.16256145619874499,False,456,24,4510,0,0,0.0
46,5,false-accept-claim,True,,aggregate-advisor,honest,0,96,0.06356491788615815,0.10132636205969245,0.1197671674370509,9.869100001941145,0.6864322559293939,0.07345851409968417,,0.7366516296547487,0.0,0.2633483703452513,False,456,24,4510,96,0,0.0
47,5,all-fail,False,all_failed,,,0,0,0.0,0.0,0.0,0.0,,,,0.0,0.0,0.0,True,456,24,0,0,0,
48,6,honest,True,,aggregate-advisor,honest,0,94,0.10614206604611369,0.11575310518313775,0.14334129742221427,8.639077097913347,0.37273153809296083,0.09319118079536386,,0.6861598237429684,0.0,0.31384017625703164,False,456,24,4480,0,0,0.0
49,6,fast-worker,True,,aggregate-advisor,honest,0,94,0.10614206604611369,0.11575310518313778,0.14334129742221427,8.639077097913344,0.37273153809296083,0.09319118079536391,1.0,0.6861598237429684,0.0,0.31384017625703176,False,456,24,4480,0,0,0.0
50,6,slow-worker,True,,aggregate-advisor,honest,0,94,0.10614206604611369,0.11575310518313775,0.14334129742221427,8.639077097913347,0.37273153809296083,0.09319118079536386,1.0,0.6861598237429684,0.0,0.31384017625703164,False,456,24,4480,0,0,0.0
51,6,order-bias,True,,warm-specialist,honest,0,94,0.1721858414616323,0.12355515425425705,0.15504851352047275,8.093551467243184,0.3853665054859426,0.11255523874762903,,0.6970707089772725,0.0,0.3029292910227275,False,456,24,4480,0,0,0.0
52,6,timing-outliers,True,,warm-specialist,honest,0,95,0.1476858783396421,0.08947167418276583,0.11238764550676852,11.176721673468155,0.45036171073714104,0.33367838584514664,,0.7613172210926544,0.0,0.23868277890734554,False,456,24,4510,0,0,0.0
53,6,candidate-measurement-bias,True,,aggregate-advisor,honest,0,94,0.2402653207486751,0.15045238726902074,0.19830067335531762,6.6466210217849255,0.4125850869059745,0.21558313333493695,,0.7877973590142854,0.0,0.21220264098571467,False,456,24,4480,0,0,0.0
54,6,false-accept-claim,True,,aggregate-advisor,honest,0,94,0.10614206604611369,0.11575310518313775,0.14334129742221427,8.639077097913347,0.37273153809296083,0.09319118079536386,,0.6861598237429684,0.0,0.31384017625703164,False,456,24,4480,94,0,0.0
55,6,all-fail,False,all_failed,,,0,0,0.0,0.0,0.0,0.0,,,,0.0,0.0,0.0,True,456,24,0,0,0,
56,7,honest,True,,aggregate-advisor,honest,0,95,0.1323413806969675,0.09678067542772618,0.11726235207605096,10.332641259016418,0.7169579485128443,0.07889767083487066,,0.8268344310894764,0.0,0.17316556891052362,False,456,24,4500,0,0,0.0
57,7,fast-worker,True,,aggregate-advisor,honest,0,95,0.13234138069696755,0.09678067542772618,0.11726235207605099,10.332641259016418,0.7169579485128443,0.07889767083487066,1.0,0.8268344310894764,0.0,0.17316556891052365,False,456,24,4500,0,0,0.0
58,7,slow-worker,True,,aggregate-advisor,honest,0,95,0.13234138069696755,0.0967806754277262,0.11726235207605099,10.332641259016416,0.7169579485128443,0.07889767083487066,1.0,0.8268344310894764,0.0,0.17316556891052365,False,456,24,4500,0,0,0.0
59,7,order-bias,True,,warm-specialist,honest,0,95,0.16773674402898936,0.10123713861585663,0.12414161903705155,9.877797947198909,0.7289072476547251,0.0967471350476331,,0.8389983025519763,0.0,0.1610016974480238,False,456,24,4500,0,0,0.0
60,7,timing-outliers,True,,aggregate-advisor,honest,0,95,0.14082609265777724,0.0894001634397544,0.10805142830721434,11.185661877160738,0.637311340153578,0.31019617317023984,,0.8434361531684957,0.0,0.15656384683150426,False,456,24,4510,0,0,0.0
61,7,candidate-measurement-bias,True,,warm-specialist,honest,0,95,0.19641412612741346,0.11213625358264881,0.14834369586071647,8.9177225745549,0.7599785690646861,0.1644205959470053,,0.8881180549071483,0.0,0.11188194509285179,False,456,24,4500,0,0,0.0
62,7,false-accept-claim,True,,aggregate-advisor,honest,0,95,0.1323413806969675,0.09678067542772618,0.11726235207605096,10.332641259016418,0.7169579485128443,0.07889767083487066,,0.8268344310894764,0.0,0.17316556891052362,False,456,24,4500,95,0,0.0
63,7,all-fail,False,all_failed,,,0,0,0.0,0.0,0.0,0.0,,,,0.0,0.0,0.0,True,456,24,0,0,0,
64,8,honest,True,,aggregate-advisor,honest,0,95,0.13342401354024033,0.08897118906288294,0.11171034202120796,11.239593519349521,0.5790364852334671,0.10006301749639852,,0.7546039816275938,0.0,0.24539601837240616,False,456,24,4510,0,0,0.0
65,8,fast-worker,True,,aggregate-advisor,honest,0,95,0.13342401354024033,0.08897118906288293,0.11171034202120796,11.239593519349523,0.5790364852334671,0.10006301749639855,1.0,0.7546039816275939,0.0,0.24539601837240616,False,456,24,4510,0,0,0.0
66,8,slow-worker,True,,aggregate-advisor,honest,0,95,0.13342401354024033,0.08897118906288294,0.11171034202120797,11.239593519349521,0.5790364852334671,0.10006301749639857,1.0,0.7546039816275939,0.0,0.24539601837240618,False,456,24,4510,0,0,0.0
67,8,order-bias,True,,aggregate-advisor,honest,0,95,0.2110789427009758,0.09744407441887383,0.11771142481194614,10.262296665689414,0.5790364852334671,0.12506716827253767,,0.7611607911395468,0.0,0.2388392088604533,False,456,24,4510,0,0,0.0
68,8,timing-outliers,True,,aggregate-advisor,honest,0,96,0.15817544098022152,0.09854518997070368,0.12269118286684452,10.147628720359545,0.5197945126718122,0.3855997291851691,,0.8194125738701922,0.0,0.18058742612980777,False,456,24,4520,0,0,0.0
69,8,candidate-measurement-bias,True,,aggregate-advisor,honest,0,95,0.21757488757916743,0.11505853030532923,0.15680474769995306,8.691228693312125,0.5638550673705736,0.21292708609810665,,0.823985037164173,0.0,0.17601496283582696,False,456,24,4510,0,0,0.0
70,8,false-accept-claim,True,,aggregate-advisor,honest,0,95,0.13342401354024033,0.08897118906288294,0.11171034202120796,11.239593519349521,0.5790364852334671,0.10006301749639852,,0.7546039816275938,0.0,0.24539601837240616,False,456,24,4510,95,0,0.0
71,8,all-fail,False,all_failed,,,0,0,0.0,0.0,0.0,0.0,,,,0.0,0.0,0.0,True,456,24,0,0,0,
72,9,honest,True,,aggregate-advisor,honest,0,96,0.14994496528071502,0.09808887796699951,0.12347171566334725,10.19483575229023,0.48992126481711035,0.10576876447402629,,0.8188263349152924,0.0,0.18117366508470764,False,456,24,4520,0,0,0.0
73,9,fast-worker,True,,aggregate-advisor,honest,0,96,0.14994496528071505,0.09808887796699951,0.12347171566334726,10.19483575229023,0.48992126481711035,0.10576876447402628,1.0,0.8188263349152924,0.0,0.18117366508470767,False,456,24,4520,0,0,0.0
74,9,slow-worker,True,,aggregate-advisor,honest,0,96,0.14994496528071502,0.09808887796699951,0.12347171566334726,10.19483575229023,0.48992126481711035,0.10576876447402628,1.0,0.8188263349152924,0.0,0.18117366508470767,False,456,24,4520,0,0,0.0
75,9,order-bias,True,,timeout-prone,honest,0,96,0.24651625343107916,0.10965559392005025,0.13783380995355332,9.119461800818831,0.549667760526514,0.13434847432702693,,0.8220750990799183,0.0,0.17792490092008179,False,456,24,4520,0,0,0.0
76,9,timing-outliers,True,,aggregate-advisor,honest,0,96,0.13943715286407773,0.09748576938567428,0.11406230206134912,10.257907449484128,0.6597642374984813,0.3471957387809433,,1.0,0.0,0.0,False,456,24,4490,0,0,0.0
77,9,candidate-measurement-bias,True,,timeout-prone,honest,0,96,0.30963638338898875,0.14488941389471915,0.20129896644801898,6.901815482024304,0.6001609511666318,0.2606045782472511,,0.8648299514535275,0.0,0.13517004854647255,False,456,24,4520,0,0,0.0
78,9,false-accept-claim,True,,aggregate-advisor,honest,0,96,0.14994496528071502,0.09808887796699951,0.12347171566334725,10.19483575229023,0.48992126481711035,0.10576876447402629,,0.8188263349152924,0.0,0.18117366508470764,False,456,24,4520,96,0,0.0
79,9,all-fail,False,all_failed,,,0,0,0.0,0.0,0.0,0.0,,,,0.0,0.0,0.0,True,456,24,0,0,0,
80,10,honest,True,,aggregate-advisor,honest,0,96,0.1523595293728903,0.09825945338961904,0.12088277879468054,10.177137827490178,0.5556424100974544,0.08945203657888089,,0.9117167863885304,0.0,0.08828321361146957,False,456,24,4500,0,0,0.0
81,10,fast-worker,True,,aggregate-advisor,honest,0,96,0.15235952937289032,0.09825945338961904,0.12088277879468054,10.177137827490178,0.5556424100974544,0.0894520365788809,1.0,0.9117167863885305,0.0,0.08828321361146957,False,456,24,4500,0,0,0.0
82,10,slow-worker,True,,aggregate-advisor,honest,0,96,0.15235952937289035,0.09825945338961903,0.12088277879468054,10.17713782749018,0.5556424100974544,0.08945203657888089,1.0,0.9117167863885304,0.0,0.08828321361146957,False,456,24,4500,0,0,0.0
83,10,order-bias,True,,warm-specialist,honest,0,96,0.24169467200688335,0.10947670846456899,0.13177291852079426,9.134363044205331,0.5556424100974544,0.11925079410740003,,0.9144603964320963,0.0,0.08553960356790377,False,456,24,4500,0,0,0.0
84,10,timing-outliers,True,,warm-specialist,honest,0,96,0.1350351694304632,0.08878880380586122,0.10832348086502336,11.262681296918057,0.6141296055506469,0.2712377155321199,,0.769648277400132,0.0,0.23035172259986803,False,456,24,4520,0,0,0.0
85,10,candidate-measurement-bias,True,,aggregate-advisor,honest,0,96,0.2628766856828169,0.13702737713128343,0.16536296133637046,7.297811728833707,0.6064784348631227,0.2269271970480898,,0.9382600370085895,0.0,0.061739962991410414,False,456,24,4500,0,0,0.0
86,10,false-accept-claim,True,,aggregate-advisor,honest,0,96,0.1523595293728903,0.09825945338961904,0.12088277879468054,10.177137827490178,0.5556424100974544,0.08945203657888089,,0.9117167863885304,0.0,0.08828321361146957,False,456,24,4500,96,0,0.0
87,10,all-fail,False,all_failed,,,0,0,0.0,0.0,0.0,0.0,,,,0.0,0.0,0.0,True,456,24,0,0,0,
88,11,honest,True,,aggregate-advisor,honest,0,95,0.12285709150567273,0.09620126203615664,0.11580301832361296,10.39487402591617,0.6213635553777984,0.08764568536813612,,0.7438869948984059,0.0,0.25611300510159407,False,456,24,4490,0,0,0.0
89,11,fast-worker,True,,aggregate-advisor,honest,0,95,0.12285709150567276,0.09620126203615663,0.11580301832361299,10.394874025916172,0.6213635553777984,0.08764568536813615,1.0,0.7438869948984059,0.0,0.25611300510159407,False,456,24,4490,0,0,0.0
90,11,slow-worker,True,,aggregate-advisor,honest,0,95,0.12285709150567277,0.09620126203615666,0.115803018323613,10.394874025916168,0.6213635553777984,0.08764568536813612,1.0,0.743886994898406,0.0,0.25611300510159407,False,456,24,4490,0,0,0.0
91,11,order-bias,True,,warm-specialist,honest,0,95,0.186765266411788,0.1027297320118892,0.12487973458833262,9.734280236263706,0.5855156579521562,0.10938057968805037,,0.7574227034297581,0.0,0.24257729657024185,False,456,24,4490,0,0,0.0
92,11,timing-outliers,True,,warm-specialist,honest,0,96,0.13734496314309103,0.08226588395751795,0.10015570851093823,12.155707225080075,0.7298850574712644,0.29511699381973355,,0.7728891864523567,0.0,0.22711081354764323,False,456,24,4530,0,0,0.0
93,11,candidate-measurement-bias,True,,aggregate-advisor,honest,0,95,0.20706097853705588,0.12685928676735203,0.15651890978504437,7.882749662891498,0.6254308859525953,0.21296624319254032,,0.8281510564967993,0.0,0.1718489435032007,False,456,24,4490,0,0,0.0
94,11,false-accept-claim,True,,aggregate-advisor,honest,0,95,0.12285709150567273,0.09620126203615664,0.11580301832361296,10.39487402591617,0.6213635553777984,0.08764568536813612,,0.7438869948984059,0.0,0.25611300510159407,False,456,24,4490,95,0,0.0
95,11,all-fail,False,all_failed,,,0,0,0.0,0.0,0.0,0.0,,,,0.0,0.0,0.0,True,456,24,0,0,0,
96,12,honest,True,,warm-specialist,honest,0,94,0.09656691758364912,0.1151202048568064,0.14085750863521948,8.686572450456127,0.3474616033069974,0.08346581156043859,,0.6812433246045884,0.0,0.31875667539541175,False,456,24,4440,0,0,0.0
97,12,fast-worker,True,,warm-specialist,honest,0,94,0.09656691758364916,0.11512020485680638,0.14085750863521948,8.686572450456127,0.3474616033069974,0.08346581156043859,1.0,0.6812433246045883,0.0,0.31875667539541175,False,456,24,4440,0,0,0.0
98,12,slow-worker,True,,warm-specialist,honest,0,94,0.09656691758364913,0.11512020485680638,0.14085750863521948,8.686572450456127,0.3474616033069974,0.08346581156043859,1.0,0.6812433246045883,0.0,0.3187566753954117,False,456,24,4440,0,0,0.0
99,12,order-bias,True,,warm-specialist,honest,0,94,0.16924360881604616,0.12328077439324908,0.15633261236321408,8.111564880425998,0.3474616033069974,0.1081032076994581,,0.6932846801918651,0.0,0.30671531980813505,False,456,24,4440,0,0,0.0
100,12,timing-outliers,True,,aggregate-advisor,honest,0,96,0.1641641530763594,0.1089922583862664,0.13951061471775167,9.174963569027259,0.3187006902529329,0.2955875316914959,,0.6933555867979868,0.0,0.3066444132020131,False,456,24,4510,0,0,0.0
101,12,candidate-measurement-bias,True,,warm-specialist,honest,0,94,0.22404204164305294,0.14653658147745605,0.20039898137124204,6.824234535277768,0.3601933298385492,0.20816558338433402,,0.7720972165920958,0.0,0.22790278340790426,False,456,24,4440,0,0,0.0
102,12,false-accept-claim,True,,warm-specialist,honest,0,94,0.09656691758364912,0.1151202048568064,0.14085750863521948,8.686572450456127,0.3474616033069974,0.08346581156043859,,0.6812433246045884,0.0,0.31875667539541175,False,456,24,4440,94,0,0.0
103,12,all-fail,False,all_failed,,,0,0,0.0,0.0,0.0,0.0,,,,0.0,0.0,0.0,True,456,24,0,0,0,
104,13,honest,True,,aggregate-advisor,honest,0,96,0.1621978736013187,0.10888577803944734,0.13861987075676102,9.183935845484966,0.36773156567646104,0.13769683046019002,,0.7980715754846438,0.0,0.20192842451535623,False,456,24,4500,0,0,0.0
105,13,fast-worker,True,,aggregate-advisor,honest,0,96,0.16219787360131876,0.10888577803944734,0.13861987075676102,9.183935845484966,0.36773156567646104,0.13769683046019002,1.0,0.7980715754846438,0.0,0.20192842451535625,False,456,24,4500,0,0,0.0
106,13,slow-worker,True,,aggregate-advisor,honest,0,96,0.1621978736013187,0.10888577803944734,0.13861987075676102,9.183935845484966,0.36773156567646104,0.13769683046019002,1.0,0.7980715754846438,0.0,0.20192842451535625,False,456,24,4500,0,0,0.0
107,13,order-bias,True,,warm-specialist,honest,0,96,0.26094563767428314,0.12265676074441159,0.15760577217662214,8.152832293392857,0.37998928453234304,0.17178057023564686,,0.7951958788912646,0.0,0.20480412110873536,False,456,24,4500,0,0,0.0
108,13,timing-outliers,True,,covering-join,honest,0,94,0.17694979730402693,0.1222927826172846,0.157794043919292,8.177097442696198,0.22183874959444352,0.5447951030735024,,0.8886319170875092,0.0,0.11136808291249069,False,456,24,4470,0,0,0.0
109,13,candidate-measurement-bias,True,,aggregate-advisor,honest,0,96,0.22916729173051847,0.1676046513124937,0.22324983886901173,5.966421529289965,0.46481671047720186,0.31428837609425825,,0.8401333679103046,0.0,0.15986663208969543,False,456,24,4500,0,0,0.0
110,13,false-accept-claim,True,,aggregate-advisor,honest,0,96,0.1621978736013187,0.10888577803944734,0.13861987075676102,9.183935845484966,0.36773156567646104,0.13769683046019002,,0.7980715754846438,0.0,0.20192842451535623,False,456,24,4500,96,0,0.0
111,13,all-fail,False,all_failed,,,0,0,0.0,0.0,0.0,0.0,,,,0.0,0.0,0.0,True,456,24,0,0,0,
112,14,honest,True,,warm-specialist,honest,0,96,0.094161929920088,0.08598838701586595,0.1044690409980814,11.629477359721696,0.5673387784610738,0.08771204939181244,,0.7650497061733466,0.0,0.23495029382665356,False,456,24,4520,0,0,0.0
113,14,fast-worker,True,,warm-specialist,honest,0,96,0.09416192992008802,0.08598838701586595,0.1044690409980814,11.629477359721696,0.5673387784610738,0.08771204939181244,1.0,0.7650497061733466,0.0,0.23495029382665356,False,456,24,4520,0,0,0.0
114,14,slow-worker,True,,warm-specialist,honest,0,96,0.09416192992008804,0.08598838701586595,0.1044690409980814,11.629477359721696,0.5673387784610738,0.08771204939181244,1.0,0.7650497061733466,0.0,0.23495029382665356,False,456,24,4520,0,0,0.0
115,14,order-bias,True,,warm-specialist,honest,0,96,0.1656364613061609,0.09141285516324349,0.11627312226730054,10.93938044287335,0.5673387784610738,0.1104679110572357,,0.7758021561751067,0.0,0.22419784382489327,False,456,24,4520,0,0,0.0
116,14,timing-outliers,True,,aggregate-advisor,honest,0,95,0.1401248895522843,0.08954172642074981,0.11710561514959503,11.167977656596383,0.532245658143894,0.2910639431429174,,0.7494054391843912,0.0,0.2505945608156088,False,456,24,4510,0,0,0.0
117,14,candidate-measurement-bias,True,,warm-specialist,honest,0,96,0.22109820186636928,0.11570955018028556,0.1559768046134391,8.642328990493118,0.5515973485146916,0.2253668246955803,,0.8319413543200472,0.0,0.16805864567995277,False,456,24,4520,0,0,0.0
118,14,false-accept-claim,True,,warm-specialist,honest,0,96,0.094161929920088,0.08598838701586595,0.1044690409980814,11.629477359721696,0.5673387784610738,0.08771204939181244,,0.7650497061733466,0.0,0.23495029382665356,False,456,24,4520,96,0,0.0
119,14,all-fail,False,all_failed,,,0,0,0.0,0.0,0.0,0.0,,,,0.0,0.0,0.0,True,456,24,0,0,0,
120,15,honest,True,,aggregate-advisor,honest,0,95,0.1345018821769399,0.07608100446690316,0.09422079507776779,13.143885349660716,0.7479503876030456,0.0947473002120859,,0.7933215412413908,0.0,0.20667845875860913,False,456,24,4530,0,0,0.0
121,15,fast-worker,True,,aggregate-advisor,honest,0,95,0.13450188217693998,0.07608100446690316,0.09422079507776786,13.143885349660716,0.7479503876030456,0.0947473002120859,1.0,0.793321541241391,0.0,0.20667845875860913,False,456,24,4530,0,0,0.0
122,15,slow-worker,True,,aggregate-advisor,honest,0,95,0.13450188217693995,0.07608100446690316,0.09422079507776786,13.143885349660716,0.7479503876030456,0.09474730021208588,1.0,0.793321541241391,0.0,0.20667845875860918,False,456,24,4530,0,0,0.0
123,15,order-bias,True,,warm-specialist,honest,0,95,0.2136342936365714,0.08306006403400831,0.10421721294916883,12.039480243966072,0.7252852243423472,0.11638726063975056,,0.7980347102601556,0.0,0.20196528973984446,False,456,24,4530,0,0,0.0
124,15,timing-outliers,True,,aggregate-advisor,honest,0,95,0.15543633519043185,0.10905699868040124,0.13112822818559414,9.169516969108662,0.4290201599558712,0.303434712763209,,0.6991062779883426,0.0,0.3008937220116575,False,456,24,4490,0,0,0.0
125,15,candidate-measurement-bias,True,,warm-specialist,honest,0,95,0.27686330084520255,0.10397532513559865,0.13444242678860427,9.617666486696313,0.7077112597297931,0.2096949811224328,,0.850131412506389,0.0,0.14986858749361104,False,456,24,4530,0,0,0.0
126,15,false-accept-claim,True,,aggregate-advisor,honest,0,95,0.1345018821769399,0.07608100446690316,0.09422079507776779,13.143885349660716,0.7479503876030456,0.0947473002120859,,0.7933215412413908,0.0,0.20667845875860913,False,456,24,4530,95,0,0.0
127,15,all-fail,False,all_failed,,,0,0,0.0,0.0,0.0,0.0,,,,0.0,0.0,0.0,True,456,24,0,0,0,
128,16,honest,True,,aggregate-advisor,honest,0,96,0.10166119166460615,0.08634541534827878,0.10626061382998969,11.581390812314092,0.6024318987782536,0.0973704883744539,,0.7659561319937696,0.0,0.23404386800623048,False,456,24,4510,0,0,0.0
129,16,fast-worker,True,,aggregate-advisor,honest,0,96,0.1016611916646062,0.08634541534827876,0.1062606138299897,11.581390812314094,0.6024318987782536,0.0973704883744539,1.0,0.7659561319937696,0.0,0.23404386800623045,False,456,24,4510,0,0,0.0
130,16,slow-worker,True,,aggregate-advisor,honest,0,96,0.10166119166460615,0.08634541534827876,0.1062606138299897,11.581390812314094,0.6024318987782536,0.09737048837445393,1.0,0.7659561319937696,0.0,0.23404386800623045,False,456,24,4510,0,0,0.0
131,16,order-bias,True,,warm-specialist,honest,0,96,0.16854237869283284,0.09166716425551132,0.11523620658828684,10.909031692227535,0.6024318987782536,0.11495004029982019,,0.7748338106781272,0.0,0.2251661893218728,False,456,24,4510,0,0,0.0
132,16,timing-outliers,True,,aggregate-advisor,honest,0,95,0.215642329448769,0.11443860624689214,0.15016064626876327,8.738309848361661,0.4406963106363405,0.33353520250220664,,0.7860926476504934,0.0,0.21390735234950664,False,456,24,4480,0,0,0.0
133,16,candidate-measurement-bias,True,,aggregate-advisor,honest,0,96,0.21937572838209082,0.11580959267273697,0.15173356102955174,8.63486328654891,0.6006282239382197,0.21267967630167028,,0.8295390566415679,0.0,0.1704609433584322,False,456,24,4510,0,0,0.0
134,16,false-accept-claim,True,,aggregate-advisor,honest,0,96,0.10166119166460615,0.08634541534827878,0.10626061382998969,11.581390812314092,0.6024318987782536,0.0973704883744539,,0.7659561319937696,0.0,0.23404386800623048,False,456,24,4510,96,0,0.0
135,16,all-fail,False,all_failed,,,0,0,0.0,0.0,0.0,0.0,,,,0.0,0.0,0.0,True,456,24,0,0,0,
136,17,honest,True,,noisy-search,honest,0,96,0.1455050489518054,0.08960597612151376,0.10931240895943828,11.159969940441362,0.3567800565579949,0.10255054732366153,,0.7293820565653621,0.0,0.27061794343463796,False,456,24,4530,0,0,0.0
137,17,fast-worker,True,,noisy-search,honest,0,96,0.1455050489518054,0.08960597612151376,0.10931240895943829,11.159969940441362,0.3567800565579949,0.10255054732366155,1.0,0.7293820565653621,0.0,0.27061794343463796,False,456,24,4530,0,0,0.0
138,17,slow-worker,True,,noisy-search,honest,0,96,0.1455050489518055,0.08960597612151375,0.1093124089594383,11.159969940441364,0.3567800565579949,0.10255054732366153,1.0,0.729382056565362,0.0,0.2706179434346379,False,456,24,4530,0,0,0.0
139,17,order-bias,True,,high-setup-star,honest,0,96,0.2293329518453661,0.09842266759497574,0.12650908865461727,10.160261090617379,0.3567800565579949,0.12801776945526325,,0.7303190178757781,0.0,0.26968098212422187,False,456,24,4530,0,0,0.0
140,17,timing-outliers,True,,warm-specialist,honest,0,95,0.14038434395253727,0.08947280976598977,0.1066664270939829,11.176579819225907,0.684960786146369,0.3326749557778628,,0.8485037346431011,0.0,0.1514962653568988,False,456,24,4520,0,0,0.0
141,17,candidate-measurement-bias,True,,high-setup-star,honest,0,96,0.27677812343478614,0.1255319758732811,0.1899823106781533,7.966097825222278,0.41676244109998917,0.25070607942998574,,0.7790830694187934,0.0,0.22091693058120665,False,456,24,4530,0,0,0.0
142,17,false-accept-claim,True,,noisy-search,honest,0,96,0.1455050489518054,0.08960597612151376,0.10931240895943828,11.159969940441362,0.3567800565579949,0.10255054732366153,,0.7293820565653621,0.0,0.27061794343463796,False,456,24,4530,96,0,0.0
143,17,all-fail,False,all_failed,,,0,0,0.0,0.0,0.0,0.0,,,,0.0,0.0,0.0,True,456,24,0,0,0,
144,18,honest,True,,warm-specialist,honest,0,93,0.15095935065928245,0.12036658482812898,0.15908694565341364,8.307953585522895,0.09476225544736293,0.15424173696681412,,0.6398132946455626,0.0,0.36018670535443753,False,456,24,4450,0,0,0.0
145,18,fast-worker,True,,warm-specialist,honest,0,93,0.15095935065928248,0.12036658482812898,0.15908694565341366,8.307953585522895,0.09476225544736293,0.15424173696681412,1.0,0.6398132946455625,0.0,0.36018670535443753,False,456,24,4450,0,0,0.0
146,18,slow-worker,True,,warm-specialist,honest,0,93,0.15095935065928254,0.12036658482812901,0.1590869456534137,8.307953585522894,0.09476225544736293,0.15424173696681412,1.0,0.6398132946455626,0.0,0.36018670535443753,False,456,24,4450,0,0,0.0
147,18,order-bias,True,,warm-specialist,honest,0,93,0.26977534386053875,0.13903832808454722,0.1914413365569042,7.192261398539792,0.12003219023332637,0.18772056278519936,,0.628066546959213,0.0,0.3719334530407869,False,456,24,4450,0,0,0.0
148,18,timing-outliers,True,,aggregate-advisor,honest,0,95,0.18402397345360755,0.1127381219771085,0.13848317120046344,8.870114052485727,0.5454684890867505,0.6303552873331361,,0.9004573882717749,0.0,0.0995426117282251,False,456,24,4490,0,0,0.0
149,18,candidate-measurement-bias,True,,high-setup-star,honest,0,93,0.1725845608673704,0.18756605216582084,0.25,5.3314551778054895,0.1870842531030831,0.28647110244045787,,0.6230054230375236,0.0,0.37699457696247635,False,456,24,4450,0,0,0.0
150,18,false-accept-claim,True,,warm-specialist,honest,0,93,0.15095935065928245,0.12036658482812898,0.15908694565341364,8.307953585522895,0.09476225544736293,0.15424173696681412,,0.6398132946455626,0.0,0.36018670535443753,False,456,24,4450,93,0,0.0
151,18,all-fail,False,all_failed,,,0,0,0.0,0.0,0.0,0.0,,,,0.0,0.0,0.0,True,456,24,0,0,0,
152,19,honest,True,,aggregate-advisor,honest,0,94,0.14062316046210668,0.08227786764128066,0.1025905353235545,12.153936759273492,0.6264367816091954,0.08130248491450304,,0.7739332064690999,0.0,0.22606679353090012,False,456,24,4490,0,0,0.0
153,19,fast-worker,True,,aggregate-advisor,honest,0,94,0.1406231604621067,0.08227786764128067,0.10259053532355453,12.15393675927349,0.6264367816091954,0.08130248491450305,1.0,0.7739332064690999,0.0,0.22606679353090015,False,456,24,4490,0,0,0.0
154,19,slow-worker,True,,aggregate-advisor,honest,0,94,0.1406231604621067,0.08227786764128066,0.10259053532355451,12.153936759273492,0.6264367816091954,0.08130248491450304,1.0,0.7739332064690999,0.0,0.2260667935309001,False,456,24,4490,0,0,0.0
155,19,order-bias,True,,warm-specialist,honest,0,94,0.22594991142209808,0.09059748956062467,0.1137547480889508,11.037833441630134,0.6264367816091954,0.10267913465766171,,0.7793892288661358,0.0,0.22061077113386413,False,456,24,4490,0,0,0.0
156,19,timing-outliers,True,,warm-specialist,honest,0,96,0.11197916202838612,0.10527446848978204,0.12219715033390903,9.498979328468993,0.5148241919470454,0.2134164586676023,,0.8069674455147298,0.0,0.1930325544852703,False,456,24,4490,0,0,0.0
157,19,candidate-measurement-bias,True,,aggregate-advisor,honest,0,94,0.2861271720273147,0.1151923547647257,0.14769695387347145,8.681131677900389,0.6452621536615599,0.21566521932112448,,0.8348460004788153,0.0,0.1651539995211846,False,456,24,4490,0,0,0.0
158,19,false-accept-claim,True,,aggregate-advisor,honest,0,94,0.14062316046210668,0.08227786764128066,0.1025905353235545,12.153936759273492,0.6264367816091954,0.08130248491450304,,0.7739332064690999,0.0,0.22606679353090012,False,456,24,4490,94,0,0.0
159,19,all-fail,False,all_failed,,,0,0,0.0,0.0,0.0,0.0,,,,0.0,0.0,0.0,True,456,24,0,0,0,
160,20,honest,True,,aggregate-advisor,honest,0,95,0.16233524963253482,0.10897271594588995,0.1402791055629801,9.176608945825915,0.3399657253480341,0.11913951927687082,,0.7965004687126445,0.0,0.20349953128735554,False,456,24,4500,0,0,0.0
161,20,fast-worker,True,,aggregate-advisor,honest,0,95,0.16233524963253484,0.10897271594588995,0.1402791055629801,9.176608945825915,0.3399657253480341,0.11913951927687083,1.0,0.7965004687126443,0.0,0.20349953128735554,False,456,24,4500,0,0,0.0
162,20,slow-worker,True,,aggregate-advisor,honest,0,95,0.1623352496325349,0.10897271594588993,0.1402791055629801,9.176608945825915,0.3399657253480341,0.11913951927687082,1.0,0.7965004687126445,0.0,0.20349953128735554,False,456,24,4500,0,0,0.0
163,20,order-bias,True,,warm-specialist,honest,0,95,0.263716053391181,0.12315030273583015,0.15793376495404196,8.120158682395617,0.3273744021869958,0.1446835178447122,,0.7947069185305531,0.0,0.20529308146944691,False,456,24,4500,0,0,0.0
164,20,timing-outliers,True,,aggregate-advisor,honest,0,95,0.06814851302455537,0.09222185482875493,0.10755798180681929,10.84341669181217,0.6213635553777984,0.3926660662373828,,0.7540295160334515,0.0,0.24597048396654847,False,456,24,4490,0,0,0.0
165,20,candidate-measurement-bias,True,,aggregate-advisor,honest,0,95,0.2309763217430488,0.16935133883141718,0.21543262494570467,5.9048839347851985,0.40831113173114264,0.28173883158830537,,0.844648051771127,0.0,0.155351948228873,False,456,24,4500,0,0,0.0
166,20,false-accept-claim,True,,aggregate-advisor,honest,0,95,0.16233524963253482,0.10897271594588995,0.1402791055629801,9.176608945825915,0.3399657253480341,0.11913951927687082,,0.7965004687126445,0.0,0.20349953128735554,False,456,24,4500,95,0,0.0
167,20,all-fail,False,all_failed,,,0,0,0.0,0.0,0.0,0.0,,,,0.0,0.0,0.0,True,456,24,0,0,0,
168,21,honest,True,,aggregate-advisor,honest,0,95,0.14664554172566585,0.09804174908261454,0.11944356533780708,10.199736432255543,0.6094142562359177,0.0732376599682934,,0.8247410838056757,0.0,0.17525891619432438,False,456,24,4510,0,0,0.0
169,21,fast-worker,True,,aggregate-advisor,honest,0,95,0.14664554172566588,0.09804174908261455,0.11944356533780709,10.199736432255541,0.6094142562359177,0.07323765996829343,1.0,0.8247410838056756,0.0,0.17525891619432438,False,456,24,4510,0,0,0.0
170,21,slow-worker,True,,aggregate-advisor,honest,0,95,0.14664554172566585,0.09804174908261454,0.11944356533780708,10.199736432255543,0.6094142562359177,0.07323765996829341,1.0,0.8247410838056757,0.0,0.17525891619432438,False,456,24,4510,0,0,0.0
171,21,order-bias,True,,warm-specialist,honest,0,95,0.22407604863296166,0.10797902807202718,0.13025926469306515,9.261057613270534,0.597464957094037,0.09956895024532231,,0.8311726199098481,0.0,0.1688273800901518,False,456,24,4510,0,0,0.0
172,21,timing-outliers,True,,timeout-prone,honest,0,95,0.10038963332438038,0.09443117126554104,0.10778132651137237,10.589723569010848,0.8185269912188307,0.2205417040466653,,0.8423192279310275,0.0,0.15768077206897246,False,456,24,4510,0,0,0.0
173,21,candidate-measurement-bias,True,,aggregate-advisor,honest,0,95,0.1993474617428147,0.12573838275644791,0.15578463054136568,7.953021011388184,0.6254308859525953,0.1813135804168715,,0.8823463215064229,0.0,0.11765367849357722,False,456,24,4510,0,0,0.0
174,21,false-accept-claim,True,,aggregate-advisor,honest,0,95,0.14664554172566585,0.09804174908261454,0.11944356533780708,10.199736432255543,0.6094142562359177,0.0732376599682934,,0.8247410838056757,0.0,0.17525891619432438,False,456,24,4510,95,0,0.0
175,21,all-fail,False,all_failed,,,0,0,0.0,0.0,0.0,0.0,,,,0.0,0.0,0.0,True,456,24,0,0,0,
176,22,honest,True,,aggregate-advisor,honest,0,96,0.133214743345643,0.0760042013116065,0.09468073450875439,13.157167403156322,0.7592829692333948,0.07207155441501284,,0.792163498538982,0.0,0.20783650146101787,False,456,24,4550,0,0,0.0
177,22,fast-worker,True,,aggregate-advisor,honest,0,96,0.13321474334564307,0.07600420131160653,0.0946807345087544,13.157167403156317,0.7592829692333948,0.07207155441501283,1.0,0.7921634985389822,0.0,0.2078365014610179,False,456,24,4550,0,0,0.0
178,22,slow-worker,True,,aggregate-advisor,honest,0,96,0.1332147433456431,0.07600420131160651,0.09468073450875439,13.15716740315632,0.7592829692333948,0.07207155441501283,1.0,0.7921634985389822,0.0,0.20783650146101787,False,456,24,4550,0,0,0.0
179,22,order-bias,True,,warm-specialist,honest,0,96,0.21138707153911815,0.08279885300254981,0.10391700472202213,12.07746199055686,0.7932807141244423,0.09150142649491079,,0.7988592143124027,0.0,0.20114078568759736,False,456,24,4550,0,0,0.0
180,22,timing-outliers,True,,covering-join,honest,0,96,0.09618654638487935,0.08612691919967623,0.09939740491713156,11.610771745841795,0.7326102321391599,0.17648886395749294,,0.9217950414733513,0.0,0.07820495852664867,False,456,24,4530,0,0,0.0
181,22,candidate-measurement-bias,True,,aggregate-advisor,honest,0,96,0.271325482088013,0.1029633909056859,0.1345316543447988,9.712189849263963,0.8246883274537258,0.1993152254957661,,0.8484477850876274,0.0,0.15155221491237247,False,456,24,4550,0,0,0.0
182,22,false-accept-claim,True,,aggregate-advisor,honest,0,96,0.133214743345643,0.0760042013116065,0.09468073450875439,13.157167403156322,0.7592829692333948,0.07207155441501284,,0.792163498538982,0.0,0.20783650146101787,False,456,24,4550,96,0,0.0
183,22,all-fail,False,all_failed,,,0,0,0.0,0.0,0.0,0.0,,,,0.0,0.0,0.0,True,456,24,0,0,0,
184,23,honest,True,,aggregate-advisor,honest,0,95,0.13941594072570995,0.08225149164666958,0.10311519668588683,12.15783422257839,0.603448275862069,0.10105319002548953,,0.7741573972361445,0.0,0.22584260276385554,False,456,24,4530,0,0,0.0
185,23,fast-worker,True,,aggregate-advisor,honest,0,95,0.13941594072571,0.08225149164666958,0.10311519668588687,12.15783422257839,0.603448275862069,0.10105319002548953,1.0,0.7741573972361445,0.0,0.22584260276385545,False,456,24,4530,0,0,0.0
186,23,slow-worker,True,,aggregate-advisor,honest,0,95,0.13941594072571006,0.08225149164666958,0.10311519668588685,12.15783422257839,0.603448275862069,0.10105319002548956,1.0,0.7741573972361445,0.0,0.22584260276385545,False,456,24,4530,0,0,0.0
187,23,order-bias,True,,warm-specialist,honest,0,95,0.22200013938140284,0.0901459469912371,0.11439008213965274,11.093122135565428,0.603448275862069,0.11853116921663422,,0.7780240483156252,0.0,0.2219759516843748,False,456,24,4530,0,0,0.0
188,23,timing-outliers,True,,noisy-search,honest,0,94,0.14323257858611302,0.09783789359826951,0.11781839597809254,10.220988649920068,0.46602266653334884,0.3361742530315179,,0.813628009399569,0.0,0.18637199060043108,False,456,24,4500,0,0,0.0
189,23,candidate-measurement-bias,True,,aggregate-advisor,honest,0,95,0.29438277658029893,0.11648543223533975,0.15215654575369675,8.58476447063066,0.6094142562359177,0.2408199776016251,,0.834956101658976,0.0,0.16504389834102404,False,456,24,4530,0,0,0.0
190,23,false-accept-claim,True,,aggregate-advisor,honest,0,95,0.13941594072570995,0.08225149164666958,0.10311519668588683,12.15783422257839,0.603448275862069,0.10105319002548953,,0.7741573972361445,0.0,0.22584260276385554,False,456,24,4530,95,0,0.0
191,23,all-fail,False,all_failed,,,0,0,0.0,0.0,0.0,0.0,,,,0.0,0.0,0.0,True,456,24,0,0,0,
192,24,honest,True,,aggregate-advisor,honest,0,93,0.11226434477032729,0.08075119965410932,0.09852253147859574,12.383716951369296,0.7183908045977011,0.06524269064077289,,0.7813085786601188,0.0,0.21869142133988112,False,456,24,4510,0,0,0.0
193,24,fast-worker,True,,aggregate-advisor,honest,0,93,0.11226434477032726,0.08075119965410933,0.09852253147859574,12.383716951369294,0.7183908045977011,0.06524269064077289,1.0,0.7813085786601188,0.0,0.21869142133988112,False,456,24,4510,0,0,0.0
194,24,slow-worker,True,,aggregate-advisor,honest,0,93,0.11226434477032723,0.0807511996541093,0.09852253147859573,12.383716951369298,0.7183908045977011,0.06524269064077291,1.0,0.7813085786601189,0.0,0.21869142133988118,False,456,24,4510,0,0,0.0
195,24,order-bias,True,,warm-specialist,honest,0,93,0.17203931633022146,0.08551067284245348,0.10564598398039268,11.694446631737062,0.7183908045977011,0.08745980929905212,,0.7950731874897407,0.0,0.20492681251025935,False,456,24,4510,0,0,0.0
196,24,timing-outliers,True,,warm-specialist,honest,0,96,0.13418537550437726,0.08192722150258362,0.10029452581859524,12.205955257111514,0.7068965517241379,0.16871222910252823,,0.7789251085947251,0.0,0.22107489140527492,False,456,24,4540,0,0,0.0
197,24,candidate-measurement-bias,True,,aggregate-advisor,honest,0,93,0.26920399844771986,0.10343273984825774,0.12946474624688478,9.668118638905458,0.7545020868193661,0.1930626407665146,,0.8544173419533556,0.0,0.14558265804664436,False,456,24,4510,0,0,0.0
198,24,false-accept-claim,True,,aggregate-advisor,honest,0,93,0.11226434477032729,0.08075119965410932,0.09852253147859574,12.383716951369296,0.7183908045977011,0.06524269064077289,,0.7813085786601188,0.0,0.21869142133988112,False,456,24,4510,93,0,0.0
199,24,all-fail,False,all_failed,,,0,0,0.0,0.0,0.0,0.0,,,,0.0,0.0,0.0,True,456,24,0,0,0,
200,25,honest,True,,aggregate-advisor,honest,0,96,0.1109464480693892,0.08074615378319995,0.09937644741830551,12.384490816552802,0.7183908045977011,0.07346685067960446,,0.7805671867957046,0.0,0.21943281320429547,False,456,24,4540,0,0,0.0
201,25,fast-worker,True,,aggregate-advisor,honest,0,96,0.11094644806938922,0.08074615378319994,0.09937644741830552,12.384490816552804,0.7183908045977011,0.07346685067960447,1.0,0.7805671867957046,0.0,0.21943281320429545,False,456,24,4540,0,0,0.0
202,25,slow-worker,True,,aggregate-advisor,honest,0,96,0.11094644806938929,0.08074615378319995,0.09937644741830552,12.384490816552802,0.7183908045977011,0.07346685067960447,1.0,0.7805671867957047,0.0,0.21943281320429542,False,456,24,4540,0,0,0.0
203,25,order-bias,True,,warm-specialist,honest,0,96,0.17092280409705113,0.08539481862844271,0.10540936760475747,11.710312359243385,0.7183908045977011,0.09176651834195232,,0.7936986431020004,0.0,0.2063013568979995,False,456,24,4540,0,0,0.0
204,25,timing-outliers,True,,aggregate-advisor,honest,0,95,0.1012135768598752,0.09401512608355245,0.11774377532599957,10.636586277736704,0.4540733673914681,0.21533095188362816,,0.7491437925477481,0.0,0.2508562074522519,False,456,24,4490,0,0,0.0
205,25,candidate-measurement-bias,True,,aggregate-advisor,honest,0,96,0.2147154181004004,0.10482613994309024,0.13175322966751712,9.539605298286254,0.7528058459384865,0.20321680552802848,,0.8524621058523137,0.0,0.14753789414768628,False,456,24,4540,0,0,0.0
206,25,false-accept-claim,True,,aggregate-advisor,honest,0,96,0.1109464480693892,0.08074615378319995,0.09937644741830551,12.384490816552802,0.7183908045977011,0.07346685067960446,,0.7805671867957046,0.0,0.21943281320429547,False,456,24,4540,96,0,0.0
207,25,all-fail,False,all_failed,,,0,0,0.0,0.0,0.0,0.0,,,,0.0,0.0,0.0,True,456,24,0,0,0,
208,26,honest,True,,aggregate-advisor,honest,0,95,0.11417785912625358,0.09595896491702532,0.11676291667682982,10.42112116220396,0.6811100510872021,0.07288100087236156,,0.8300519269174872,0.0,0.1699480730825128,False,456,24,4510,0,0,0.0
209,26,fast-worker,True,,aggregate-advisor,honest,0,95,0.11417785912625367,0.09595896491702531,0.11676291667682988,10.421121162203962,0.6811100510872021,0.07288100087236155,1.0,0.8300519269174872,0.0,0.16994807308251275,False,456,24,4510,0,0,0.0
210,26,slow-worker,True,,aggregate-advisor,honest,0,95,0.11417785912625365,0.09595896491702531,0.11676291667682986,10.421121162203962,0.6811100510872021,0.07288100087236156,1.0,0.8300519269174872,0.0,0.1699480730825128,False,456,24,4510,0,0,0.0
211,26,order-bias,True,,warm-specialist,honest,0,95,0.1609976761374756,0.10081363423432332,0.1219163110201471,9.919293234441666,0.6691607519453214,0.0918555696561139,,0.8433464325977758,0.0,0.1566535674022243,False,456,24,4510,0,0,0.0
212,26,timing-outliers,True,,warm-specialist,honest,0,96,0.11143229565408062,0.08728324505288808,0.10493361386086945,11.456952584588986,0.6730484246481713,0.2649981724663244,,0.8471830153940504,0.0,0.15281698460594967,False,456,24,4520,0,0,0.0
213,26,candidate-measurement-bias,True,,aggregate-advisor,honest,0,95,0.20271077418631195,0.11312259849960288,0.14376569884438897,8.839966666815124,0.698689974785276,0.16932121405111425,,0.8990179397680823,0.0,0.10098206023191779,False,456,24,4510,0,0,0.0
214,26,false-accept-claim,True,,aggregate-advisor,honest,0,95,0.11417785912625358,0.09595896491702532,0.11676291667682982,10.42112116220396,0.6811100510872021,0.07288100087236156,,0.8300519269174872,0.0,0.1699480730825128,False,456,24,4510,95,0,0.0
215,26,all-fail,False,all_failed,,,0,0,0.0,0.0,0.0,0.0,,,,0.0,0.0,0.0,True,456,24,0,0,0,
216,27,honest,True,,aggregate-advisor,honest,0,96,0.11628204595438874,0.08088156897810792,0.09942106867690308,12.36375620100382,0.7298850574712644,0.09265605877251393,,0.7808895961952539,0.0,0.21911040380474606,False,456,24,4540,0,0,0.0
217,27,fast-worker,True,,aggregate-advisor,honest,0,96,0.11628204595438883,0.08088156897810794,0.09942106867690309,12.363756201003817,0.7298850574712644,0.09265605877251393,1.0,0.7808895961952539,0.0,0.21911040380474606,False,456,24,4540,0,0,0.0
218,27,slow-worker,True,,aggregate-advisor,honest,0,96,0.11628204595438883,0.08088156897810794,0.0994210686769031,12.363756201003817,0.7298850574712644,0.09265605877251393,1.0,0.780889596195254,0.0,0.21911040380474606,False,456,24,4540,0,0,0.0
219,27,order-bias,True,,warm-specialist,honest,0,96,0.17061931269881497,0.08534990557114168,0.10700618542294406,11.716474591368709,0.7528735632183908,0.11368820579151843,,0.7918786473715109,0.0,0.2081213526284891,False,456,24,4540,0,0,0.0
220,27,timing-outliers,True,,aggregate-advisor,honest,0,93,0.14411679578951675,0.0976628711054425,0.12566130821671903,10.239305773842569,0.4421240682495874,0.34233581398270685,,0.820244398152388,0.0,0.17975560184761202,False,456,24,4490,0,0,0.0
221,27,candidate-measurement-bias,True,,aggregate-advisor,honest,0,96,0.20905844029103812,0.10368469478799515,0.13644478217155648,9.644625005114856,0.8006030425060096,0.2154376832632837,,0.8475813536605292,0.0,0.15241864633947075,False,456,24,4540,0,0,0.0
222,27,false-accept-claim,True,,aggregate-advisor,honest,0,96,0.11628204595438874,0.08088156897810792,0.09942106867690308,12.36375620100382,0.7298850574712644,0.09265605877251393,,0.7808895961952539,0.0,0.21911040380474606,False,456,24,4540,96,0,0.0
223,27,all-fail,False,all_failed,,,0,0,0.0,0.0,0.0,0.0,,,,0.0,0.0,0.0,True,456,24,0,0,0,
224,28,honest,True,,aggregate-advisor,honest,0,95,0.15694230543501098,0.08313660532201361,0.10515507384908256,12.028395868783585,0.6724137931034483,0.08964240500448334,,0.8474260939819336,0.0,0.15257390601806634,False,456,24,4530,0,0,0.0
225,28,fast-worker,True,,aggregate-advisor,honest,0,95,0.15694230543501103,0.0831366053220136,0.1051550738490826,12.028395868783587,0.6724137931034483,0.08964240500448334,1.0,0.8474260939819337,0.0,0.15257390601806636,False,456,24,4530,0,0,0.0
226,28,slow-worker,True,,aggregate-advisor,honest,0,95,0.156942305435011,0.0831366053220136,0.10515507384908254,12.028395868783587,0.6724137931034483,0.08964240500448332,1.0,0.8474260939819337,0.0,0.15257390601806636,False,456,24,4530,0,0,0.0
227,28,order-bias,True,,warm-specialist,honest,0,95,0.23187679191683452,0.09103561152416544,0.11425668236487169,10.984712281902446,0.6839080459770115,0.11927339450826607,,0.8531134049984931,0.0,0.14688659500150697,False,456,24,4530,0,0,0.0
228,28,timing-outliers,True,,warm-specialist,honest,0,96,0.1456434402895302,0.08951800222726872,0.11135646396409149,11.170937410569055,0.45036171073714104,0.28407489595961716,,0.7486584963106586,0.0,0.2513415036893414,False,456,24,4510,0,0,0.0
229,28,candidate-measurement-bias,True,,aggregate-advisor,honest,0,95,0.2065664482253741,0.11367077453816435,0.14433787128283745,8.797336026458193,0.7232054124970401,0.243414363573779,,0.8977673722416731,0.0,0.10223262775832695,False,456,24,4530,0,0,0.0
230,28,false-accept-claim,True,,aggregate-advisor,honest,0,95,0.15694230543501098,0.08313660532201361,0.10515507384908256,12.028395868783585,0.6724137931034483,0.08964240500448334,,0.8474260939819336,0.0,0.15257390601806634,False,456,24,4530,95,0,0.0
231,28,all-fail,False,all_failed,,,0,0,0.0,0.0,0.0,0.0,,,,0.0,0.0,0.0,True,456,24,0,0,0,
232,29,honest,True,,aggregate-advisor,honest,0,93,0.1041270709087267,0.08646326542151399,0.10608856742451854,11.565605290581331,0.6492227258678267,0.06597595993319456,,0.767781726849249,0.0,0.23221827315075105,False,456,24,4500,0,0,0.0
233,29,fast-worker,True,,aggregate-advisor,honest,0,93,0.10412707090872671,0.086463265421514,0.10608856742451854,11.56560529058133,0.6492227258678267,0.06597595993319458,1.0,0.767781726849249,0.0,0.23221827315075105,False,456,24,4500,0,0,0.0
234,29,slow-worker,True,,aggregate-advisor,honest,0,93,0.10412707090872671,0.08646326542151399,0.10608856742451854,11.565605290581331,0.6492227258678267,0.06597595993319456,1.0,0.767781726849249,0.0,0.23221827315075105,False,456,24,4500,0,0,0.0
235,29,order-bias,True,,warm-specialist,honest,0,93,0.16755545328101384,0.09159095741254931,0.11579396060628003,10.918108383732053,0.6609204326402199,0.0834565594500497,,0.7760825985180639,0.0,0.22391740148193595,False,456,24,4500,0,0,0.0
236,29,timing-outliers,True,,aggregate-advisor,honest,0,93,0.17145064732988133,0.09138623421599654,0.11893982912171545,10.942567100822247,0.6141296055506469,0.17426995063690986,,0.7565779802060667,0.0,0.2434220197939333,False,456,24,4500,0,0,0.0
237,29,candidate-measurement-bias,True,,aggregate-advisor,honest,0,93,0.2832510078239654,0.11431081351866051,0.15455281734469767,8.748078761916574,0.6811100510872021,0.1893053249168256,,0.824785578659284,0.0,0.17521442134071596,False,456,24,4500,0,0,0.0
238,29,false-accept-claim,True,,aggregate-advisor,honest,0,93,0.1041270709087267,0.08646326542151399,0.10608856742451854,11.565605290581331,0.6492227258678267,0.06597595993319456,,0.767781726849249,0.0,0.23221827315075105,False,456,24,4500,93,0,0.0
239,29,all-fail,False,all_failed,,,0,0,0.0,0.0,0.0,0.0,,,,0.0,0.0,0.0,True,456,24,0,0,0,
240,30,honest,True,,aggregate-advisor,honest,0,96,0.13843383176483004,0.08227184701943405,0.10046388369855509,12.154826179650282,0.6954022988505747,0.07248805405973945,,0.8511512971356838,0.0,0.14884870286431617,False,456,24,4530,0,0,0.0
241,30,fast-worker,True,,aggregate-advisor,honest,0,96,0.13843383176483004,0.08227184701943405,0.1004638836985551,12.154826179650282,0.6954022988505747,0.07248805405973946,1.0,0.8511512971356838,0.0,0.14884870286431617,False,456,24,4530,0,0,0.0
242,30,slow-worker,True,,aggregate-advisor,honest,0,96,0.13843383176483007,0.08227184701943405,0.1004638836985551,12.154826179650282,0.6954022988505747,0.07248805405973947,1.0,0.8511512971356838,0.0,0.1488487028643162,False,456,24,4530,0,0,0.0
243,30,order-bias,True,,warm-specialist,honest,0,96,0.22139486674562822,0.09029637764381251,0.11193731963799361,11.074641376475242,0.6839080459770115,0.09707518744175674,,0.8554774368780768,0.0,0.14452256312192324,False,456,24,4530,0,0,0.0
244,30,timing-outliers,True,,aggregate-advisor,honest,0,95,0.16819473355249118,0.09101336473822123,0.11878230302700682,10.987397322099532,0.6082807521644502,0.19015189592425055,,0.9141471445774269,0.0,0.08585285542257319,False,456,24,4520,0,0,0.0
245,30,candidate-measurement-bias,True,,aggregate-advisor,honest,0,96,0.2697105096001671,0.11216560487026761,0.14249613934971064,8.915389001437783,0.6930593502290829,0.20432431044013943,,0.8944300125036033,0.0,0.10556998749639679,False,456,24,4530,0,0,0.0
246,30,false-accept-claim,True,,aggregate-advisor,honest,0,96,0.13843383176483004,0.08227184701943405,0.10046388369855509,12.154826179650282,0.6954022988505747,0.07248805405973945,,0.8511512971356838,0.0,0.14884870286431617,False,456,24,4530,96,0,0.0
247,30,all-fail,False,all_failed,,,0,0,0.0,0.0,0.0,0.0,,,,0.0,0.0,0.0,True,456,24,0,0,0,
248,31,honest,True,,aggregate-advisor,honest,0,94,0.15259770824630486,0.0771658303540942,0.09921904448686665,12.959103730385023,0.6346245712995539,0.08238992812473316,,0.7806054666520533,0.0,0.21939453334794679,False,456,24,4530,0,0,0.0
249,31,fast-worker,True,,aggregate-advisor,honest,0,94,0.15259770824630497,0.0771658303540942,0.09921904448686665,12.959103730385023,0.6346245712995539,0.08238992812473317,1.0,0.7806054666520532,0.0,0.21939453334794684,False,456,24,4530,0,0,0.0
250,31,slow-worker,True,,aggregate-advisor,honest,0,94,0.15259770824630497,0.07716583035409422,0.09921904448686666,12.95910373038502,0.6346245712995539,0.08238992812473317,1.0,0.7806054666520531,0.0,0.21939453334794679,False,456,24,4530,0,0,0.0
251,31,order-bias,True,,aggregate-advisor,honest,0,94,0.22370249682995189,0.08352645815304256,0.1037830036256837,11.97225432650018,0.645957152929903,0.10213708442396234,,0.7864344602129,0.0,0.21356553978710008,False,456,24,4530,0,0,0.0
252,31,timing-outliers,True,,aggregate-advisor,honest,0,94,0.13548412199503226,0.08908231605907528,0.10922537011963665,11.225572529309254,0.6611360631499735,0.2255305732833781,,0.8488400640212409,0.0,0.15115993597875907,False,456,24,4510,0,0,0.0
253,31,candidate-measurement-bias,True,,aggregate-advisor,honest,0,94,0.27752082675344897,0.1036154549328396,0.14316565856924898,9.651069916627492,0.6726181394126133,0.21437446966007748,,0.8408525692961063,0.0,0.1591474307038937,False,456,24,4530,0,0,0.0
254,31,false-accept-claim,True,,aggregate-advisor,honest,0,94,0.15259770824630486,0.0771658303540942,0.09921904448686665,12.959103730385023,0.6346245712995539,0.08238992812473316,,0.7806054666520533,0.0,0.21939453334794679,False,456,24,4530,94,0,0.0
255,31,all-fail,False,all_failed,,,0,0,0.0,0.0,0.0,0.0,,,,0.0,0.0,0.0,True,456,24,0,0,0,
256,32,honest,True,,aggregate-advisor,honest,0,94,0.13377730623277292,0.08196364146193222,0.10436468906143612,12.200531627971253,0.5804597701149425,0.10631910760465324,,0.7721081026792163,0.0,0.22789189732078385,False,456,24,4500,0,0,0.0
257,32,fast-worker,True,,aggregate-advisor,honest,0,94,0.1337773062327729,0.0819636414619322,0.10436468906143608,12.200531627971255,0.5804597701149425,0.10631910760465325,1.0,0.7721081026792161,0.0,0.22789189732078388,False,456,24,4500,0,0,0.0
258,32,slow-worker,True,,aggregate-advisor,honest,0,94,0.1337773062327729,0.0819636414619322,0.10436468906143612,12.200531627971255,0.5804597701149425,0.10631910760465324,1.0,0.7721081026792161,0.0,0.22789189732078388,False,456,24,4500,0,0,0.0
259,32,order-bias,True,,aggregate-advisor,honest,0,94,0.21658435530272246,0.08975805138712939,0.11137724745646436,11.141061827277952,0.5804597701149425,0.1242139704785713,,0.7749309163233533,0.0,0.22506908367664671,False,456,24,4500,0,0,0.0
260,32,timing-outliers,True,,warm-specialist,honest,0,96,0.12193933136809135,0.10517561783321419,0.12641264953427384,9.507907066310597,0.5332107702308685,0.36520851201621096,,0.9067247510751888,0.0,0.09327524892481119,False,456,24,4510,0,0,0.0
261,32,candidate-measurement-bias,True,,aggregate-advisor,honest,0,94,0.284088666317145,0.1145208446187499,0.15575599572708315,8.732034795316864,0.5735663588102755,0.23349289934548292,,0.8264438661152377,0.0,0.17355613388476226,False,456,24,4500,0,0,0.0
262,32,false-accept-claim,True,,aggregate-advisor,honest,0,94,0.13377730623277292,0.08196364146193222,0.10436468906143612,12.200531627971253,0.5804597701149425,0.10631910760465324,,0.7721081026792163,0.0,0.22789189732078385,False,456,24,4500,94,0,0.0
263,32,all-fail,False,all_failed,,,0,0,0.0,0.0,0.0,0.0,,,,0.0,0.0,0.0,True,456,24,0,0,0,
264,33,honest,True,,aggregate-advisor,honest,0,96,0.12252616261512267,0.09624572873526226,0.11564404701447423,10.39007146748968,0.6333128545196792,0.08708664930603884,,0.7433049590751253,0.0,0.2566950409248747,False,456,24,4510,0,0,0.0
265,33,fast-worker,True,,aggregate-advisor,honest,0,96,0.12252616261512275,0.09624572873526228,0.11564404701447424,10.390071467489678,0.6333128545196792,0.08708664930603884,1.0,0.7433049590751253,0.0,0.2566950409248747,False,456,24,4510,0,0,0.0
266,33,slow-worker,True,,aggregate-advisor,honest,0,96,0.12252616261512275,0.09624572873526227,0.11564404701447423,10.390071467489678,0.6333128545196792,0.08708664930603884,1.0,0.7433049590751253,0.0,0.2566950409248747,False,456,24,4510,0,0,0.0
267,33,order-bias,True,,warm-specialist,honest,0,96,0.1848091149924952,0.10243443460906498,0.1262801457162826,9.762342163711269,0.6094142562359177,0.10661867845754168,,0.7534614392387308,0.0,0.24653856076126923,False,456,24,4510,0,0,0.0
268,33,timing-outliers,True,,warm-specialist,honest,0,94,0.1541418318466286,0.09832626092337307,0.12236103455375913,10.17022299647205,0.4062761708239451,0.32239444446490323,,0.8194711990853277,0.0,0.18052880091467227,False,456,24,4490,0,0,0.0
269,33,candidate-measurement-bias,True,,aggregate-advisor,honest,0,96,0.27528287716681943,0.12413807803940421,0.16177389682285928,8.055546016127119,0.6619168182176298,0.2083402922919215,,0.8145029163651822,0.0,0.18549708363481782,False,456,24,4510,0,0,0.0
270,33,false-accept-claim,True,,aggregate-advisor,honest,0,96,0.12252616261512267,0.09624572873526226,0.11564404701447423,10.39007146748968,0.6333128545196792,0.08708664930603884,,0.7433049590751253,0.0,0.2566950409248747,False,456,24,4510,96,0,0.0
271,33,all-fail,False,all_failed,,,0,0,0.0,0.0,0.0,0.0,,,,0.0,0.0,0.0,True,456,24,0,0,0,
272,34,honest,True,,aggregate-advisor,honest,0,94,0.1144043462738569,0.08095971990315008,0.09890364576652594,12.351821389652445,0.7413793103448276,0.07596484628124729,,0.783272796240933,0.0,0.21672720375906696,False,456,24,4510,0,0,0.0
273,34,fast-worker,True,,aggregate-advisor,honest,0,94,0.1144043462738569,0.08095971990315008,0.09890364576652594,12.351821389652445,0.7413793103448276,0.0759648462812473,1.0,0.783272796240933,0.0,0.21672720375906696,False,456,24,4510,0,0,0.0
274,34,slow-worker,True,,aggregate-advisor,honest,0,94,0.11440434627385694,0.08095971990315008,0.09890364576652594,12.351821389652445,0.7413793103448276,0.0759648462812473,1.0,0.783272796240933,0.0,0.2167272037590669,False,456,24,4510,0,0,0.0
275,34,order-bias,True,,warm-specialist,honest,0,94,0.17222174737707727,0.08554176859274844,0.10497441323994476,11.690195520282616,0.7068965517241379,0.09092568273202378,,0.7944840768663274,0.0,0.20551592313367262,False,456,24,4510,0,0,0.0
276,34,timing-outliers,True,,aggregate-advisor,honest,0,95,0.15180537020679188,0.09802891134094102,0.13037135053930074,10.20107217677891,0.48992126481711035,0.22941277907942204,,0.8321949141965976,0.0,0.16780508580340242,False,456,24,4500,0,0,0.0
277,34,candidate-measurement-bias,True,,aggregate-advisor,honest,0,94,0.2755174037849611,0.103688553530042,0.1351802425526493,9.64426608295068,0.7194089665021863,0.1756798632966461,,0.8476138381436068,0.0,0.1523861618563931,False,456,24,4510,0,0,0.0
278,34,false-accept-claim,True,,aggregate-advisor,honest,0,94,0.1144043462738569,0.08095971990315008,0.09890364576652594,12.351821389652445,0.7413793103448276,0.07596484628124729,,0.783272796240933,0.0,0.21672720375906696,False,456,24,4510,94,0,0.0
279,34,all-fail,False,all_failed,,,0,0,0.0,0.0,0.0,0.0,,,,0.0,0.0,0.0,True,456,24,0,0,0,
280,35,honest,True,,aggregate-advisor,honest,0,95,0.13398297597667916,0.08202479725554086,0.10382018317827746,12.19143519348899,0.5804597701149425,0.09199282527783596,,0.7703375654506781,0.0,0.22966243454932195,False,456,24,4530,0,0,0.0
281,35,fast-worker,True,,aggregate-advisor,honest,0,95,0.13398297597667913,0.08202479725554086,0.10382018317827747,12.19143519348899,0.5804597701149425,0.09199282527783599,1.0,0.7703375654506779,0.0,0.229662434549322,False,456,24,4530,0,0,0.0
282,35,slow-worker,True,,aggregate-advisor,honest,0,95,0.13398297597667916,0.08202479725554085,0.10382018317827744,12.191435193488992,0.5804597701149425,0.09199282527783598,1.0,0.770337565450678,0.0,0.22966243454932198,False,456,24,4530,0,0,0.0
283,35,order-bias,True,,aggregate-advisor,honest,0,95,0.21613834586941946,0.0897314074630559,0.11074367945184398,11.144369939942363,0.5804597701149425,0.11610493384964998,,0.7745452722631256,0.0,0.22545472773687436,False,456,24,4530,0,0,0.0
284,35,timing-outliers,True,,warm-specialist,honest,0,96,0.14102147190498796,0.09716058402842945,0.12284594817898101,10.292239491967209,0.40929818437405785,0.3018236664529408,,0.8143817084734605,0.0,0.1856182915265395,False,456,24,4510,0,0,0.0
285,35,candidate-measurement-bias,True,,aggregate-advisor,honest,0,95,0.2841710284466638,0.11458812429056862,0.1561955992080308,8.72690783788584,0.5735663588102755,0.2353979768268953,,0.8256543306074614,0.0,0.17434566939253854,False,456,24,4530,0,0,0.0
286,35,false-accept-claim,True,,aggregate-advisor,honest,0,95,0.13398297597667916,0.08202479725554086,0.10382018317827746,12.19143519348899,0.5804597701149425,0.09199282527783596,,0.7703375654506781,0.0,0.22966243454932195,False,456,24,4530,95,0,0.0
287,35,all-fail,False,all_failed,,,0,0,0.0,0.0,0.0,0.0,,,,0.0,0.0,0.0,True,456,24,0,0,0,
288,36,honest,True,,aggregate-advisor,honest,0,95,0.15674900486019558,0.07732330582544794,0.09827488589761878,12.932711416366903,0.6686223161906014,0.06716289677829476,,0.7843389587436702,0.0,0.21566104125632973,False,456,24,4540,0,0,0.0
289,36,fast-worker,True,,aggregate-advisor,honest,0,95,0.1567490048601956,0.07732330582544795,0.09827488589761876,12.9327114163669,0.6686223161906014,0.06716289677829478,1.0,0.7843389587436703,0.0,0.2156610412563298,False,456,24,4540,0,0,0.0
290,36,slow-worker,True,,aggregate-advisor,honest,0,95,0.1567490048601956,0.07732330582544795,0.09827488589761879,12.9327114163669,0.6686223161906014,0.06716289677829478,1.0,0.7843389587436702,0.0,0.21566104125632973,False,456,24,4540,0,0,0.0
291,36,order-bias,True,,warm-specialist,honest,0,95,0.23043368561323246,0.08418966977088894,0.1078444564282184,11.877941827321187,0.6799548978209505,0.09611677610420737,,0.7908026625569691,0.0,0.20919733744303096,False,456,24,4540,0,0,0.0
292,36,timing-outliers,True,,aggregate-advisor,honest,0,95,0.143683956646046,0.08246376797122461,0.10199067491976484,12.126537806869871,0.6839080459770115,0.15297430312737606,,0.8527072483650887,0.0,0.1472927516349113,False,456,24,4520,0,0,0.0
293,36,candidate-measurement-bias,True,,aggregate-advisor,honest,0,95,0.28502311660292384,0.10517159852776177,0.13751496808382008,9.50827042660223,0.7311066732745797,0.22077662006495002,,0.8489040059894003,0.0,0.1510959940105997,False,456,24,4540,0,0,0.0
294,36,false-accept-claim,True,,aggregate-advisor,honest,0,95,0.15674900486019558,0.07732330582544794,0.09827488589761878,12.932711416366903,0.6686223161906014,0.06716289677829476,,0.7843389587436702,0.0,0.21566104125632973,False,456,24,4540,95,0,0.0
295,36,all-fail,False,all_failed,,,0,0,0.0,0.0,0.0,0.0,,,,0.0,0.0,0.0,True,456,24,0,0,0,
296,37,honest,True,,aggregate-advisor,honest,0,96,0.13972182133320288,0.08232574657388934,0.10107371202693227,12.14686828381782,0.6997828094574492,0.07837344376991824,,0.8513486895953563,0.0,0.1486513104046438,False,456,24,4530,0,0,0.0
297,37,fast-worker,True,,aggregate-advisor,honest,0,96,0.1397218213332029,0.08232574657388934,0.10107371202693229,12.14686828381782,0.6997828094574492,0.07837344376991824,1.0,0.8513486895953563,0.0,0.14865131040464377,False,456,24,4530,0,0,0.0
298,37,slow-worker,True,,aggregate-advisor,honest,0,96,0.13972182133320288,0.08232574657388936,0.10107371202693227,12.146868283817817,0.6997828094574492,0.07837344376991824,1.0,0.8513486895953563,0.0,0.14865131040464377,False,456,24,4530,0,0,0.0
299,37,order-bias,True,,warm-specialist,honest,0,96,0.22049670067609276,0.09017945715959264,0.11130341384294447,11.088999995090647,0.6647936689845768,0.1043393910457119,,0.8560766003900924,0.0,0.14392339960990763,False,456,24,4530,0,0,0.0
300,37,timing-outliers,True,,warm-specialist,honest,0,94,0.16009594746167807,0.08374292305952043,0.1101530301342275,11.941307557287537,0.5,0.2311421192156862,,0.7705725034225808,0.0,0.22942749657741918,False,456,24,4520,0,0,0.0
301,37,candidate-measurement-bias,True,,aggregate-advisor,honest,0,96,0.20413899833783217,0.11325529710287403,0.14424327054100802,8.829609083022955,0.6673401275350299,0.22171463346667544,,0.8956954019644496,0.0,0.10430459803555028,False,456,24,4530,0,0,0.0
302,37,false-accept-claim,True,,aggregate-advisor,honest,0,96,0.13972182133320288,0.08232574657388934,0.10107371202693227,12.14686828381782,0.6997828094574492,0.07837344376991824,,0.8513486895953563,0.0,0.1486513104046438,False,456,24,4530,96,0,0.0
303,37,all-fail,False,all_failed,,,0,0,0.0,0.0,0.0,0.0,,,,0.0,0.0,0.0,True,456,24,0,0,0,
304,38,honest,True,,warm-specialist,honest,0,95,0.1422193807502199,0.09756077796380755,0.12197476089577457,10.250020765219537,0.39432687168206443,0.07692465611154685,,0.8162062064514718,0.0,0.1837937935485282,False,456,24,4500,0,0,0.0
305,38,fast-worker,True,,warm-specialist,honest,0,95,0.14221938075021995,0.09756077796380755,0.1219747608957746,10.250020765219537,0.39432687168206443,0.07692465611154685,1.0,0.8162062064514718,0.0,0.18379379354852823,False,456,24,4500,0,0,0.0
306,38,slow-worker,True,,warm-specialist,honest,0,95,0.14221938075021992,0.09756077796380755,0.1219747608957746,10.250020765219537,0.39432687168206443,0.07692465611154686,1.0,0.8162062064514718,0.0,0.18379379354852823,False,456,24,4500,0,0,0.0
307,38,order-bias,True,,warm-specialist,honest,0,95,0.24107202296807487,0.10893888652390275,0.14061905718770526,9.17945861123324,0.4062761708239451,0.10298505258421949,,0.8176659106154447,0.0,0.1823340893845552,False,456,24,4500,0,0,0.0
308,38,timing-outliers,True,,warm-specialist,honest,0,96,0.13833126006629995,0.10726616461055948,0.12748786570466528,9.322604230612699,0.47805103537939936,0.18681140508229485,,0.813120579752793,0.0,0.18687942024720708,False,456,24,4500,0,0,0.0
309,38,candidate-measurement-bias,True,,warm-specialist,honest,0,95,0.2936418258113548,0.1419615321530719,0.18888888296972334,7.044161786882779,0.43590637505786944,0.2279891382150613,,0.855281130845265,0.0,0.14471886915473497,False,456,24,4500,0,0,0.0
310,38,false-accept-claim,True,,warm-specialist,honest,0,95,0.1422193807502199,0.09756077796380755,0.12197476089577457,10.250020765219537,0.39432687168206443,0.07692465611154685,,0.8162062064514718,0.0,0.1837937935485282,False,456,24,4500,95,0,0.0
311,38,all-fail,False,all_failed,,,0,0,0.0,0.0,0.0,0.0,,,,0.0,0.0,0.0,True,456,24,0,0,0,
312,39,honest,True,,aggregate-advisor,honest,0,96,0.1380095276434786,0.10700488009551433,0.12833276611072095,9.345368165520894,0.6680456776455709,0.0783144664265716,,0.8109646198615688,0.0,0.18903538013843119,False,456,24,4500,0,0,0.0
313,39,fast-worker,True,,aggregate-advisor,honest,0,96,0.13800952764347868,0.10700488009551434,0.12833276611072097,9.345368165520894,0.6680456776455709,0.0783144664265716,1.0,0.8109646198615689,0.0,0.18903538013843119,False,456,24,4500,0,0,0.0
314,39,slow-worker,True,,aggregate-advisor,honest,0,96,0.13800952764347862,0.10700488009551432,0.12833276611072095,9.345368165520895,0.6680456776455709,0.0783144664265716,1.0,0.8109646198615688,0.0,0.18903538013843113,False,456,24,4500,0,0,0.0
315,39,order-bias,True,,warm-specialist,honest,0,96,0.16884273358477564,0.11200165871804066,0.13217796762632766,8.928439198543094,0.6557879587896889,0.09996915171599441,,0.8276464615157141,0.0,0.172353538484286,False,456,24,4500,0,0,0.0
316,39,timing-outliers,True,,warm-specialist,honest,0,93,0.13853807810237337,0.08896817764936599,0.1119767089350945,11.23997395946579,0.532245658143894,0.31565981755489686,,0.7481010751969255,0.0,0.2518989248030745,False,456,24,4480,0,0,0.0
317,39,candidate-measurement-bias,True,,aggregate-advisor,honest,0,96,0.1664830505803364,0.12131393197888381,0.1474895177241947,8.24307632015474,0.6949232066139948,0.1614168702930573,,0.8879383302861575,0.0,0.1120616697138424,False,456,24,4500,0,0,0.0
318,39,false-accept-claim,True,,aggregate-advisor,honest,0,96,0.1380095276434786,0.10700488009551433,0.12833276611072095,9.345368165520894,0.6680456776455709,0.0783144664265716,,0.8109646198615688,0.0,0.18903538013843119,False,456,24,4500,96,0,0.0
319,39,all-fail,False,all_failed,,,0,0,0.0,0.0,0.0,0.0,,,,0.0,0.0,0.0,True,456,24,0,0,0,
320,40,honest,True,,aggregate-advisor,honest,0,96,0.15346918816861335,0.09824586270342875,0.12310039815586085,10.178545665771841,0.4540733673914681,0.09271746729353247,,0.7295345295914335,0.0,0.27046547040856644,False,456,24,4520,0,0,0.0
321,40,fast-worker,True,,aggregate-advisor,honest,0,96,0.15346918816861346,0.09824586270342876,0.12310039815586094,10.17854566577184,0.4540733673914681,0.09271746729353247,1.0,0.7295345295914335,0.0,0.27046547040856644,False,456,24,4520,0,0,0.0
322,40,slow-worker,True,,aggregate-advisor,honest,0,96,0.1534691881686134,0.09824586270342876,0.12310039815586092,10.17854566577184,0.4540733673914681,0.09271746729353247,1.0,0.7295345295914336,0.0,0.27046547040856644,False,456,24,4520,0,0,0.0
323,40,order-bias,True,,warm-specialist,honest,0,96,0.24695962852882294,0.10976371617136607,0.1377577688293,9.110478716288842,0.46602266653334884,0.12305115786691727,,0.73224127416916,0.0,0.26775872583084004,False,456,24,4520,0,0,0.0
324,40,timing-outliers,True,,warm-specialist,honest,0,94,0.1496412124006962,0.08294774701294666,0.10254839283772027,12.055782537938226,0.7183908045977011,0.2648785655840365,,0.7826012976137255,0.0,0.21739870238627446,False,456,24,4520,0,0,0.0
325,40,candidate-measurement-bias,True,,aggregate-advisor,honest,0,96,0.21317116165940994,0.14429270146245018,0.17879113751026038,6.930357459973356,0.5173686010408252,0.24289998848895697,,0.8010317454756261,0.0,0.19896825452437394,False,456,24,4520,0,0,0.0
326,40,false-accept-claim,True,,aggregate-advisor,honest,0,96,0.15346918816861335,0.09824586270342875,0.12310039815586085,10.178545665771841,0.4540733673914681,0.09271746729353247,,0.7295345295914335,0.0,0.27046547040856644,False,456,24,4520,96,0,0.0
327,40,all-fail,False,all_failed,,,0,0,0.0,0.0,0.0,0.0,,,,0.0,0.0,0.0,True,456,24,0,0,0,
328,41,honest,True,,warm-specialist,honest,0,96,0.09935984361296456,0.09411768210618601,0.11451636709154224,10.624996043482819,0.4779719656752296,0.09867732916277384,,0.7408886628363058,0.0,0.25911133716369417,False,456,24,4500,0,0,0.0
329,41,fast-worker,True,,warm-specialist,honest,0,96,0.09935984361296461,0.09411768210618603,0.11451636709154225,10.624996043482817,0.4779719656752296,0.09867732916277387,1.0,0.7408886628363058,0.0,0.2591113371636943,False,456,24,4500,0,0,0.0
330,41,slow-worker,True,,warm-specialist,honest,0,96,0.09935984361296461,0.09411768210618603,0.11451636709154227,10.624996043482817,0.4779719656752296,0.09867732916277384,1.0,0.7408886628363058,0.0,0.2591113371636942,False,456,24,4500,0,0,0.0
331,41,order-bias,True,,warm-specialist,honest,0,96,0.16982320967318768,0.10013117664520504,0.1270952697089416,9.986899520249338,0.4779719656752296,0.11961684061143578,,0.7490243961550678,0.0,0.25097560384493217,False,456,24,4500,0,0,0.0
332,41,timing-outliers,True,,aggregate-advisor,honest,0,95,0.19622465157726926,0.11203408982792115,0.15180693282107074,8.925854635280661,0.3187006902529329,0.34571953735030975,,0.8191395010854093,0.0,0.18086049891459058,False,456,24,4490,0,0,0.0
333,41,candidate-measurement-bias,True,,warm-specialist,honest,0,96,0.21974431972330438,0.12899628136876856,0.17053887282689564,7.752161452943334,0.48644624462979635,0.24168720067910865,,0.8034309476603986,0.0,0.1965690523396014,False,456,24,4500,0,0,0.0
334,41,false-accept-claim,True,,warm-specialist,honest,0,96,0.09935984361296456,0.09411768210618601,0.11451636709154224,10.624996043482819,0.4779719656752296,0.09867732916277384,,0.7408886628363058,0.0,0.25911133716369417,False,456,24,4500,96,0,0.0
335,41,all-fail,False,all_failed,,,0,0,0.0,0.0,0.0,0.0,,,,0.0,0.0,0.0,True,456,24,0,0,0,
336,42,honest,True,,aggregate-advisor,honest,0,95,0.07356825118667477,0.10176028444458463,0.12157616784882738,9.827016556194552,0.5148241919470454,0.07301454314341836,,0.729658462286002,0.0,0.2703415377139981,False,456,24,4480,0,0,0.0
337,42,fast-worker,True,,aggregate-advisor,honest,0,95,0.07356825118667475,0.10176028444458461,0.12157616784882737,9.827016556194552,0.5148241919470454,0.07301454314341836,1.0,0.729658462286002,0.0,0.270341537713998,False,456,24,4480,0,0,0.0
338,42,slow-worker,True,,aggregate-advisor,honest,0,95,0.07356825118667477,0.10176028444458461,0.12157616784882737,9.827016556194552,0.5148241919470454,0.07301454314341836,1.0,0.729658462286002,0.0,0.27034153771399805,False,456,24,4480,0,0,0.0
339,42,order-bias,True,,warm-specialist,honest,0,95,0.11835822078931266,0.10458296535351043,0.13047015831689818,9.561786631501686,0.5025664730911634,0.08919562505828527,,0.7468710313067467,0.0,0.2531289686932532,False,456,24,4480,0,0,0.0
340,42,timing-outliers,True,,warm-specialist,honest,0,95,0.16631270854522365,0.09906104020745833,0.12520924251055673,10.094785981509506,0.4826053218738891,0.23683007120907715,,0.8184109275062298,0.0,0.1815890724937701,False,456,24,4510,0,0,0.0
341,42,candidate-measurement-bias,True,,aggregate-advisor,honest,0,95,0.29695061823112934,0.12938602405878966,0.16536085843594914,7.728810026233019,0.5270819108029274,0.20664142128237542,,0.8092213867385079,0.0,0.19077861326149206,False,456,24,4480,0,0,0.0
342,42,false-accept-claim,True,,aggregate-advisor,honest,0,95,0.07356825118667477,0.10176028444458463,0.12157616784882738,9.827016556194552,0.5148241919470454,0.07301454314341836,,0.729658462286002,0.0,0.2703415377139981,False,456,24,4480,95,0,0.0
343,42,all-fail,False,all_failed,,,0,0,0.0,0.0,0.0,0.0,,,,0.0,0.0,0.0,True,456,24,0,0,0,
344,43,honest,True,,aggregate-advisor,honest,0,96,0.1452649312336516,0.08966739767213505,0.1101469839327753,11.152325437796875,0.64337387248163,0.08176210829826508,,0.8389527426968396,0.0,0.16104725730316038,False,456,24,4510,0,0,0.0
345,43,fast-worker,True,,aggregate-advisor,honest,0,96,0.14526493123365167,0.08966739767213504,0.1101469839327753,11.152325437796877,0.64337387248163,0.0817621082982651,1.0,0.8389527426968395,0.0,0.16104725730316038,False,456,24,4510,0,0,0.0
346,43,slow-worker,True,,aggregate-advisor,honest,0,96,0.1452649312336516,0.08966739767213504,0.11014698393277526,11.152325437796877,0.64337387248163,0.08176210829826511,1.0,0.8389527426968396,0.0,0.16104725730316038,False,456,24,4510,0,0,0.0
347,43,order-bias,True,,warm-specialist,honest,0,96,0.2272359621834209,0.09864061407426797,0.1204163215534775,10.137811989360541,0.64337387248163,0.10557217138067716,,0.8436124298771079,0.0,0.156387570122892,False,456,24,4510,0,0,0.0
348,43,timing-outliers,True,,covering-join,honest,0,95,0.10270836257169291,0.0941191490360731,0.11095965314289959,10.624830443555428,0.5138198631008718,0.24450858389699506,,0.8376051402551221,0.0,0.16239485974487794,False,456,24,4500,0,0,0.0
349,43,candidate-measurement-bias,True,,aggregate-advisor,honest,0,96,0.17782487044942183,0.12237986491782775,0.15182150330342464,8.171278834728673,0.6696532718280314,0.20835838546807098,,0.8868391262221152,0.0,0.1131608737778847,False,456,24,4510,0,0,0.0
350,43,false-accept-claim,True,,aggregate-advisor,honest,0,96,0.1452649312336516,0.08966739767213505,0.1101469839327753,11.152325437796875,0.64337387248163,0.08176210829826508,,0.8389527426968396,0.0,0.16104725730316038,False,456,24,4510,96,0,0.0
351,43,all-fail,False,all_failed,,,0,0,0.0,0.0,0.0,0.0,,,,0.0,0.0,0.0,True,456,24,0,0,0,
352,44,honest,True,,aggregate-advisor,honest,0,96,0.09539803292922637,0.0861248582301639,0.10565459510456175,11.611049591832773,0.6960135529573999,0.09004003801881416,,0.7662178925812643,0.0,0.23378210741873573,False,456,24,4530,0,0,0.0
353,44,fast-worker,True,,aggregate-advisor,honest,0,96,0.09539803292922637,0.08612485823016391,0.10565459510456178,11.61104959183277,0.6960135529573999,0.09004003801881416,1.0,0.7662178925812643,0.0,0.23378210741873573,False,456,24,4530,0,0,0.0
354,44,slow-worker,True,,aggregate-advisor,honest,0,96,0.09539803292922643,0.08612485823016393,0.10565459510456178,11.611049591832769,0.6960135529573999,0.09004003801881416,1.0,0.7662178925812642,0.0,0.2337821074187357,False,456,24,4530,0,0,0.0
355,44,order-bias,True,,aggregate-advisor,honest,0,96,0.16436000954922603,0.091601659179451,0.10901546040052594,10.916832827677974,0.7077112597297931,0.10642197240847522,,0.7799774786144801,0.0,0.22002252138551992,False,456,24,4530,0,0,0.0
356,44,timing-outliers,True,,aggregate-advisor,honest,0,96,0.1119176174207065,0.10512336735549933,0.1238426578001798,9.512632872749075,0.5761127862264556,0.2990308010242193,,0.7178868654153236,0.0,0.28211313458467635,False,456,24,4490,0,0,0.0
357,44,candidate-measurement-bias,True,,timeout-prone,honest,0,96,0.27352502963875003,0.11258025390170641,0.14998503487519757,8.882552360142109,0.7169579485128443,0.19974823169688286,,0.8384262087647436,0.0,0.16157379123525628,False,456,24,4530,0,0,0.0
358,44,false-accept-claim,True,,aggregate-advisor,honest,0,96,0.09539803292922637,0.0861248582301639,0.10565459510456175,11.611049591832773,0.6960135529573999,0.09004003801881416,,0.7662178925812643,0.0,0.23378210741873573,False,456,24,4530,96,0,0.0
359,44,all-fail,False,all_failed,,,0,0,0.0,0.0,0.0,0.0,,,,0.0,0.0,0.0,True,456,24,0,0,0,
360,45,honest,True,,aggregate-advisor,honest,0,95,0.09902316275470319,0.07955073324745365,0.09815002934029364,12.570594376413357,0.7183908045977011,0.10049672114827657,,0.7857089478295354,0.0,0.21429105217046462,False,456,24,4530,0,0,0.0
361,45,fast-worker,True,,aggregate-advisor,honest,0,95,0.09902316275470321,0.07955073324745368,0.09815002934029365,12.570594376413354,0.7183908045977011,0.10049672114827655,1.0,0.7857089478295355,0.0,0.21429105217046462,False,456,24,4530,0,0,0.0
362,45,slow-worker,True,,aggregate-advisor,honest,0,95,0.09902316275470321,0.07955073324745367,0.09815002934029365,12.570594376413355,0.7183908045977011,0.10049672114827657,1.0,0.7857089478295354,0.0,0.21429105217046465,False,456,24,4530,0,0,0.0
363,45,order-bias,True,,warm-specialist,honest,0,95,0.16279076722217578,0.08422147915062644,0.10427016099372366,11.873455680011789,0.7298850574712644,0.11616476797193165,,0.7987871927227249,0.0,0.2012128072772751,False,456,24,4530,0,0,0.0
364,45,timing-outliers,True,,covering-join,honest,0,95,0.12295541579462654,0.10647983366728855,0.12261345664499657,9.391449681680033,0.5515973485146916,0.340840965261826,,0.8033540940954472,0.0,0.19664590590455283,False,456,24,4500,0,0,0.0
365,45,candidate-measurement-bias,True,,aggregate-advisor,honest,0,95,0.27099194756373723,0.10372094482032233,0.12902049229891535,9.6412542493931,0.7778975003641527,0.2103180825029275,,0.8580183835101687,0.0,0.1419816164898313,False,456,24,4530,0,0,0.0
366,45,false-accept-claim,True,,aggregate-advisor,honest,0,95,0.09902316275470319,0.07955073324745365,0.09815002934029364,12.570594376413357,0.7183908045977011,0.10049672114827657,,0.7857089478295354,0.0,0.21429105217046462,False,456,24,4530,95,0,0.0
367,45,all-fail,False,all_failed,,,0,0,0.0,0.0,0.0,0.0,,,,0.0,0.0,0.0,True,456,24,0,0,0,
368,46,honest,True,,aggregate-advisor,honest,0,96,0.1398516930317891,0.08230830591703847,0.10172908203008361,12.149442135377399,0.6264367816091954,0.08979401480560878,,0.773289490902831,0.0,0.22671050909716894,False,456,24,4540,0,0,0.0
369,46,fast-worker,True,,aggregate-advisor,honest,0,96,0.1398516930317892,0.0823083059170385,0.10172908203008367,12.149442135377393,0.6264367816091954,0.08979401480560878,1.0,0.7732894909028311,0.0,0.22671050909716894,False,456,24,4540,0,0,0.0
370,46,slow-worker,True,,aggregate-advisor,honest,0,96,0.13985169303178918,0.0823083059170385,0.10172908203008368,12.149442135377393,0.6264367816091954,0.0897940148056088,1.0,0.7732894909028312,0.0,0.22671050909716892,False,456,24,4540,0,0,0.0
371,46,order-bias,True,,warm-specialist,honest,0,96,0.22356639295309105,0.09042216247828433,0.11378730922905429,11.059235618703088,0.6149425287356322,0.1138479143074221,,0.7785905178888415,0.0,0.22140948211115857,False,456,24,4540,0,0,0.0
372,46,timing-outliers,True,,warm-specialist,honest,0,96,0.136959591246745,0.08919312805658651,0.10986092404054394,11.211626072420884,0.5790364852334671,0.27629952300485744,,0.7548268506090176,0.0,0.24517314939098245,False,456,24,4530,0,0,0.0
373,46,candidate-measurement-bias,True,,warm-specialist,honest,0,96,0.2814683729693873,0.11448428666592718,0.14650576252009875,8.734823172004967,0.6213635553777984,0.23151956674072396,,0.834663836187849,0.0,0.1653361638121511,False,456,24,4540,0,0,0.0
374,46,false-accept-claim,True,,aggregate-advisor,honest,0,96,0.1398516930317891,0.08230830591703847,0.10172908203008361,12.149442135377399,0.6264367816091954,0.08979401480560878,,0.773289490902831,0.0,0.22671050909716894,False,456,24,4540,96,0,0.0
375,46,all-fail,False,all_failed,,,0,0,0.0,0.0,0.0,0.0,,,,0.0,0.0,0.0,True,456,24,0,0,0,
376,47,honest,True,,aggregate-advisor,honest,0,96,0.15176928692282082,0.10834603144293234,0.13509745461366218,9.22968738847363,0.4657933165235173,0.1204274050983471,,0.8026504333793615,0.0,0.1973495666206385,False,456,24,4500,0,0,0.0
377,47,fast-worker,True,,aggregate-advisor,honest,0,96,0.15176928692282088,0.10834603144293234,0.13509745461366224,9.22968738847363,0.4657933165235173,0.1204274050983471,1.0,0.8026504333793615,0.0,0.19734956662063846,False,456,24,4500,0,0,0.0
378,47,slow-worker,True,,aggregate-advisor,honest,0,96,0.15176928692282082,0.10834603144293233,0.1350974546136622,9.229687388473632,0.4657933165235173,0.1204274050983471,1.0,0.8026504333793615,0.0,0.19734956662063846,False,456,24,4500,0,0,0.0
379,47,order-bias,True,,aggregate-advisor,honest,0,96,0.23476847069806536,0.12031333728710854,0.142894048464545,8.311630468812115,0.4657933165235173,0.1446023544678325,,0.8070334861527356,0.0,0.19296651384726443,False,456,24,4500,0,0,0.0
380,47,timing-outliers,True,,aggregate-advisor,honest,0,96,0.14637278041267895,0.11956694003875616,0.14641010097297485,8.36351586547136,0.541547535774671,0.4713712208263261,,0.8995683838539729,0.0,0.10043161614602725,False,456,24,4490,0,0,0.0
381,47,candidate-measurement-bias,True,,aggregate-advisor,honest,0,96,0.21394621513948442,0.14341028448947268,0.1868361014718128,6.973000601455518,0.49117272250711247,0.22480675659876895,,0.8658051674585766,0.0,0.13419483254142328,False,456,24,4500,0,0,0.0
382,47,false-accept-claim,True,,aggregate-advisor,honest,0,96,0.15176928692282082,0.10834603144293234,0.13509745461366218,9.22968738847363,0.4657933165235173,0.1204274050983471,,0.8026504333793615,0.0,0.1973495666206385,False,456,24,4500,96,0,0.0
383,47,all-fail,False,all_failed,,,0,0,0.0,0.0,0.0,0.0,,,,0.0,0.0,0.0,True,456,24,0,0,0,
384,48,honest,True,,warm-specialist,honest,0,94,0.1544738773080495,0.12090906121770646,0.14777800569128133,8.270678722742042,0.39148014634313566,0.10629172407312142,,0.7767368139234934,0.0,0.22326318607650658,False,456,24,4460,0,0,0.0
385,48,fast-worker,True,,warm-specialist,honest,0,94,0.1544738773080496,0.12090906121770648,0.14777800569128136,8.270678722742042,0.39148014634313566,0.10629172407312142,1.0,0.7767368139234934,0.0,0.22326318607650664,False,456,24,4460,0,0,0.0
386,48,slow-worker,True,,warm-specialist,honest,0,94,0.15447387730804954,0.12090906121770648,0.14777800569128136,8.270678722742042,0.39148014634313566,0.10629172407312142,1.0,0.7767368139234934,0.0,0.22326318607650664,False,456,24,4460,0,0,0.0
387,48,order-bias,True,,warm-specialist,honest,0,94,0.25045110163171735,0.13627992483776546,0.16655651657076695,7.337837918464152,0.37843080813169777,0.1383947180333021,,0.7813453166879042,0.0,0.2186546833120958,False,456,24,4460,0,0,0.0
388,48,timing-outliers,True,,covering-join,honest,0,95,0.14349514337711325,0.08238682131432307,0.10191628632110664,12.137863605452011,0.5114942528735632,0.40549882550186517,,0.7509419156217432,0.0,0.2490580843782569,False,456,24,4520,0,0,0.0
389,48,candidate-measurement-bias,True,,warm-specialist,honest,0,94,0.19499886443945122,0.16031322029739206,0.20429648308327708,6.237788737229102,0.42263783810767397,0.2143083935028487,,0.8447082746551173,0.0,0.15529172534488261,False,456,24,4460,0,0,0.0
390,48,false-accept-claim,True,,warm-specialist,honest,0,94,0.1544738773080495,0.12090906121770646,0.14777800569128133,8.270678722742042,0.39148014634313566,0.10629172407312142,,0.7767368139234934,0.0,0.22326318607650658,False,456,24,4460,94,0,0.0
391,48,all-fail,False,all_failed,,,0,0,0.0,0.0,0.0,0.0,,,,0.0,0.0,0.0,True,456,24,0,0,0,
392,49,honest,True,,aggregate-advisor,honest,0,95,0.1409982614483265,0.08234402921440427,0.10253753517618938,12.144171344788555,0.6264367816091954,0.07718073807900559,,0.7743305887736398,0.0,0.22566941122636008,False,456,24,4500,0,0,0.0
393,49,fast-worker,True,,aggregate-advisor,honest,0,95,0.1409982614483265,0.08234402921440427,0.1025375351761894,12.144171344788555,0.6264367816091954,0.0771807380790056,1.0,0.7743305887736398,0.0,0.22566941122636014,False,456,24,4500,0,0,0.0
394,49,slow-worker,True,,aggregate-advisor,honest,0,95,0.14099826144832653,0.08234402921440429,0.1025375351761894,12.144171344788553,0.6264367816091954,0.07718073807900562,1.0,0.7743305887736399,0.0,0.22566941122636014,False,456,24,4500,0,0,0.0
395,49,order-bias,True,,warm-specialist,honest,0,95,0.22556777680180692,0.09057760684324817,0.11343089877160838,11.040256359726753,0.6149425287356322,0.10130699801163227,,0.7796219434916236,0.0,0.22037805650837633,False,456,24,4500,0,0,0.0
396,49,timing-outliers,True,,noisy-search,honest,0,94,0.16906334694057723,0.09122491342258206,0.11125825152544122,10.96191777533063,0.46205941750953433,0.19834599878013603,,0.8227825983211526,0.0,0.17721740167884742,False,456,24,4510,0,0,0.0
397,49,candidate-measurement-bias,True,,warm-specialist,honest,0,95,0.21770286259531985,0.11573634664315946,0.14616251052368895,8.640328030080466,0.6128859427941017,0.22515726511633807,,0.8397254557114698,0.0,0.16027454428853022,False,456,24,4500,0,0,0.0
398,49,false-accept-claim,True,,aggregate-advisor,honest,0,95,0.1409982614483265,0.08234402921440427,0.10253753517618938,12.144171344788555,0.6264367816091954,0.07718073807900559,,0.7743305887736398,0.0,0.22566941122636008,False,456,24,4500,95,0,0.0
399,49,all-fail,False,all_failed,,,0,0,0.0,0.0,0.0,0.0,,,,0.0,0.0,0.0,True,456,24,0,0,0,
400,50,honest,True,,warm-specialist,honest,0,94,0.14146278138502844,0.09760095747418616,0.12241179356635043,10.245801126126077,0.39432687168206443,0.10082253709564026,,0.8148899119180247,0.0,0.1851100880819752,False,456,24,4480,0,0,0.0
401,50,fast-worker,True,,warm-specialist,honest,0,94,0.14146278138502846,0.09760095747418618,0.12241179356635047,10.245801126126077,0.39432687168206443,0.10082253709564028,1.0,0.8148899119180248,0.0,0.1851100880819752,False,456,24,4480,0,0,0.0
402,50,slow-worker,True,,warm-specialist,honest,0,94,0.1414627813850284,0.09760095747418618,0.12241179356635046,10.245801126126077,0.39432687168206443,0.1008225370956403,1.0,0.8148899119180247,0.0,0.1851100880819752,False,456,24,4480,0,0,0.0
403,50,order-bias,True,,warm-specialist,honest,0,94,0.24092913082823478,0.1089943287498409,0.1410930228007645,9.174789289222167,0.39432687168206443,0.13360545840061214,,0.8159434940445169,0.0,0.18405650595548317,False,456,24,4480,0,0,0.0
404,50,timing-outliers,True,,aggregate-advisor,honest,0,95,0.15091542481158823,0.08981575301832463,0.1126748783665932,11.133904314045838,0.6024318987782536,0.3342649545851643,,0.7607901882781891,0.0,0.23920981172181088,False,456,24,4500,0,0,0.0
405,50,candidate-measurement-bias,True,,warm-specialist,honest,0,94,0.2976452501506496,0.1425552298026916,0.19240126399584045,7.01482507084506,0.42327140766488774,0.2591309734606744,,0.8603821331860356,0.0,0.13961786681396438,False,456,24,4480,0,0,0.0
406,50,false-accept-claim,True,,warm-specialist,honest,0,94,0.14146278138502844,0.09760095747418616,0.12241179356635043,10.245801126126077,0.39432687168206443,0.10082253709564026,,0.8148899119180247,0.0,0.1851100880819752,False,456,24,4480,94,0,0.0
407,50,all-fail,False,all_failed,,,0,0,0.0,0.0,0.0,0.0,,,,0.0,0.0,0.0,True,456,24,0,0,0,
408,51,honest,True,,warm-specialist,honest,0,95,0.1202891741665254,0.10589634114756946,0.12593571683121527,9.44319689578767,0.5666095422467236,0.09431667578540405,,0.8104815393869889,0.0,0.1895184606130111,False,456,24,4490,0,0,0.0
409,51,fast-worker,True,,warm-specialist,honest,0,95,0.12028917416652533,0.10589634114756946,0.12593571683121524,9.44319689578767,0.5666095422467236,0.09431667578540408,1.0,0.8104815393869889,0.0,0.1895184606130112,False,456,24,4490,0,0,0.0
410,51,slow-worker,True,,warm-specialist,honest,0,95,0.12028917416652538,0.10589634114756946,0.12593571683121527,9.44319689578767,0.5666095422467236,0.09431667578540405,1.0,0.8104815393869889,0.0,0.18951846061301114,False,456,24,4490,0,0,0.0
411,51,order-bias,True,,warm-specialist,honest,0,95,0.191636129682405,0.11393275107939906,0.13576989371877687,8.777107464938734,0.5666095422467236,0.11804117410926473,,0.8247368065106886,0.0,0.17526319348931152,False,456,24,4490,0,0,0.0
412,51,timing-outliers,True,,aggregate-advisor,honest,0,95,0.14439270430195572,0.08248908389175785,0.10226076333361557,12.122816169375813,0.6954022988505747,0.3294869688775933,,0.784988061530175,0.0,0.21501193846982503,False,456,24,4530,0,0,0.0
413,51,candidate-measurement-bias,True,,timeout-prone,honest,0,95,0.186339549398724,0.1395998492623904,0.17210016162815106,7.163331517073564,0.6195208477771773,0.2266063007241559,,0.881094399323473,0.0,0.11890560067652703,False,456,24,4490,0,0,0.0
414,51,false-accept-claim,True,,warm-specialist,honest,0,95,0.1202891741665254,0.10589634114756946,0.12593571683121527,9.44319689578767,0.5666095422467236,0.09431667578540405,,0.8104815393869889,0.0,0.1895184606130111,False,456,24,4490,95,0,0.0
415,51,all-fail,False,all_failed,,,0,0,0.0,0.0,0.0,0.0,,,,0.0,0.0,0.0,True,456,24,0,0,0,
416,52,honest,True,,warm-specialist,honest,0,96,0.1414386221367104,0.10735443367426711,0.13966143686163204,9.314938990169535,0.18386578283823052,0.14964431881740206,,0.6832306387686543,0.0,0.31676936123134564,False,456,24,4500,0,0,0.0
417,52,fast-worker,True,,warm-specialist,honest,0,96,0.14143862213671043,0.10735443367426711,0.13966143686163204,9.314938990169535,0.18386578283823052,0.14964431881740203,1.0,0.6832306387686543,0.0,0.3167693612313457,False,456,24,4500,0,0,0.0
418,52,slow-worker,True,,warm-specialist,honest,0,96,0.14143862213671046,0.10735443367426713,0.13966143686163207,9.314938990169534,0.18386578283823052,0.14964431881740206,1.0,0.6832306387686543,0.0,0.3167693612313457,False,456,24,4500,0,0,0.0
419,52,order-bias,True,,warm-specialist,honest,0,96,0.2505013458173097,0.12146425425189955,0.16605489523438346,8.232874817031705,0.20838122054999458,0.18142748123068989,,0.6784087640823043,0.0,0.32159123591769573,False,456,24,4500,0,0,0.0
420,52,timing-outliers,True,,aggregate-advisor,honest,0,95,0.15892901583607189,0.13637399837353606,0.172012714158171,7.332776129808439,0.2927406203782266,0.5859745088454579,,0.8642888187342402,0.0,0.1357111812657597,False,456,24,4450,0,0,0.0
421,52,candidate-measurement-bias,True,,warm-specialist,honest,0,96,0.33022088121712795,0.17218644727457338,0.24152358435582258,5.807658011581897,0.2554098157036985,0.3126565065400348,,0.7267322270526535,0.0,0.2732677729473465,False,456,24,4500,0,0,0.0
422,52,false-accept-claim,True,,warm-specialist,honest,0,96,0.1414386221367104,0.10735443367426711,0.13966143686163204,9.314938990169535,0.18386578283823052,0.14964431881740206,,0.6832306387686543,0.0,0.31676936123134564,False,456,24,4500,96,0,0.0
423,52,all-fail,False,all_failed,,,0,0,0.0,0.0,0.0,0.0,,,,0.0,0.0,0.0,True,456,24,0,0,0,
424,53,honest,True,,aggregate-advisor,honest,0,95,0.1437881832474264,0.0978438700780689,0.12050259374361955,10.220364333525518,0.5616170596683948,0.07102236142343897,,0.8232308963738295,0.0,0.17676910362617038,False,456,24,4510,0,0,0.0
425,53,fast-worker,True,,aggregate-advisor,honest,0,95,0.14378818324742648,0.0978438700780689,0.12050259374361957,10.220364333525518,0.5616170596683948,0.07102236142343897,1.0,0.8232308963738295,0.0,0.17676910362617038,False,456,24,4510,0,0,0.0
426,53,slow-worker,True,,aggregate-advisor,honest,0,95,0.14378818324742648,0.09784387007806891,0.12050259374361957,10.220364333525517,0.5616170596683948,0.07102236142343898,1.0,0.8232308963738296,0.0,0.17676910362617038,False,456,24,4510,0,0,0.0
427,53,order-bias,True,,warm-specialist,honest,0,95,0.2248979209654489,0.10790732784185963,0.13275068444998528,9.267211226521336,0.549667760526514,0.09506162494987025,,0.8281841253058694,0.0,0.17181587469413062,False,456,24,4510,0,0,0.0
428,53,timing-outliers,True,,aggregate-advisor,honest,0,95,0.15696024319843033,0.10829111025283003,0.1346764469344941,9.234368339795154,0.41063358167204816,0.20537932725206817,,0.8055622068356112,0.0,0.19443779316438886,False,456,24,4480,0,0,0.0
429,53,candidate-measurement-bias,True,,aggregate-advisor,honest,0,95,0.20953528583653472,0.12671378087993598,0.164080084794802,7.8918014524996405,0.5748910163806684,0.17860759009009117,,0.8769899234465791,0.0,0.1230100765534208,False,456,24,4510,0,0,0.0
430,53,false-accept-claim,True,,aggregate-advisor,honest,0,95,0.1437881832474264,0.0978438700780689,0.12050259374361955,10.220364333525518,0.5616170596683948,0.07102236142343897,,0.8232308963738295,0.0,0.17676910362617038,False,456,24,4510,95,0,0.0
431,53,all-fail,False,all_failed,,,0,0,0.0,0.0,0.0,0.0,,,,0.0,0.0,0.0,True,456,24,0,0,0,
432,54,honest,True,,warm-specialist,honest,0,94,0.16300468388006667,0.12137742616802734,0.14797323954075844,8.238764254365242,0.3790490217894517,0.1448048253226817,,0.8876964851513524,0.0,0.11230351484864767,False,456,24,4470,0,0,0.0
433,54,fast-worker,True,,warm-specialist,honest,0,94,0.16300468388006673,0.12137742616802734,0.14797323954075847,8.238764254365242,0.3790490217894517,0.1448048253226817,1.0,0.8876964851513524,0.0,0.11230351484864767,False,456,24,4470,0,0,0.0
434,54,slow-worker,True,,warm-specialist,honest,0,94,0.16300468388006673,0.12137742616802732,0.14797323954075844,8.238764254365243,0.3790490217894517,0.1448048253226817,1.0,0.8876964851513522,0.0,0.1123035148486477,False,456,24,4470,0,0,0.0
435,54,order-bias,True,,warm-specialist,honest,0,94,0.2685684593443638,0.1387319684869566,0.16843324491967576,7.208143954895434,0.3790490217894517,0.1797177318998977,,0.8910308540516042,0.0,0.10896914594839573,False,456,24,4470,0,0,0.0
436,54,timing-outliers,True,,warm-specialist,honest,0,95,0.15080355761390615,0.09052892055929655,0.11257331763968517,11.046193788922942,0.5907341920058603,0.5607245269583584,,0.747435790289593,0.0,0.2525642097104071,False,456,24,4520,0,0,0.0
437,54,candidate-measurement-bias,True,,warm-specialist,honest,0,94,0.2640944523927626,0.1777567578658927,0.21063878927041432,5.625665161796227,0.44431009089732526,0.2824377764272247,,0.9169686203990101,0.0,0.08303137960098995,False,456,24,4470,0,0,0.0
438,54,false-accept-claim,True,,warm-specialist,honest,0,94,0.16300468388006667,0.12137742616802734,0.14797323954075844,8.238764254365242,0.3790490217894517,0.1448048253226817,,0.8876964851513524,0.0,0.11230351484864767,False,456,24,4470,94,0,0.0
439,54,all-fail,False,all_failed,,,0,0,0.0,0.0,0.0,0.0,,,,0.0,0.0,0.0,True,456,24,0,0,0,
440,55,honest,True,,aggregate-advisor,honest,0,95,0.1387657585011014,0.08220864668780974,0.10169110585037172,12.164170562222434,0.6954022988505747,0.07199515645055081,,0.8515982133921209,0.0,0.148401786607879,False,456,24,4530,0,0,0.0
441,55,fast-worker,True,,aggregate-advisor,honest,0,95,0.13876575850110134,0.08220864668780974,0.10169110585037172,12.164170562222434,0.6954022988505747,0.07199515645055084,1.0,0.8515982133921209,0.0,0.14840178660787906,False,456,24,4530,0,0,0.0
442,55,slow-worker,True,,aggregate-advisor,honest,0,95,0.13876575850110137,0.08220864668780974,0.10169110585037174,12.164170562222434,0.6954022988505747,0.07199515645055081,1.0,0.851598213392121,0.0,0.148401786607879,False,456,24,4530,0,0,0.0
443,55,order-bias,True,,warm-specialist,honest,0,95,0.22191012142522945,0.09031722548809659,0.11132015942125914,11.072085026923192,0.6839080459770115,0.09686414058151264,,0.8561133992077283,0.0,0.14388660079227178,False,456,24,4530,0,0,0.0
444,55,timing-outliers,True,,aggregate-advisor,honest,0,95,0.17273794400729586,0.10027435861425289,0.12998848746344796,9.972639205271975,0.5803481718736642,0.17823037474005088,,0.9074963777279472,0.0,0.09250362227205279,False,456,24,4480,0,0,0.0
445,55,candidate-measurement-bias,True,,aggregate-advisor,honest,0,95,0.20119955002396434,0.11298017368122848,0.14310788239339173,8.851110486176822,0.6864322559293939,0.20110188487180805,,0.8947937971798412,0.0,0.10520620282015868,False,456,24,4530,0,0,0.0
446,55,false-accept-claim,True,,aggregate-advisor,honest,0,95,0.1387657585011014,0.08220864668780974,0.10169110585037172,12.164170562222434,0.6954022988505747,0.07199515645055081,,0.8515982133921209,0.0,0.148401786607879,False,456,24,4530,95,0,0.0
447,55,all-fail,False,all_failed,,,0,0,0.0,0.0,0.0,0.0,,,,0.0,0.0,0.0,True,456,24,0,0,0,
448,56,honest,True,,aggregate-advisor,honest,0,95,0.13736940859184682,0.11896267320574834,0.14343693161839835,8.405998058487471,0.4567268374003249,0.09655888644323711,,0.7905622416377771,0.0,0.20943775836222278,False,456,24,4450,0,0,0.0
449,56,fast-worker,True,,aggregate-advisor,honest,0,95,0.13736940859184688,0.11896267320574833,0.14343693161839835,8.405998058487471,0.4567268374003249,0.09655888644323712,1.0,0.7905622416377772,0.0,0.20943775836222278,False,456,24,4450,0,0,0.0
450,56,slow-worker,True,,aggregate-advisor,honest,0,95,0.1373694085918468,0.11896267320574831,0.14343693161839832,8.405998058487473,0.4567268374003249,0.09655888644323712,1.0,0.7905622416377772,0.0,0.20943775836222278,False,456,24,4450,0,0,0.0
451,56,order-bias,True,,warm-specialist,honest,0,95,0.20562884347782198,0.12824042303357977,0.15490255571214426,7.797853253635555,0.44367749918888705,0.11994514564305665,,0.8006233449180775,0.0,0.1993766550819226,False,456,24,4450,0,0,0.0
452,56,timing-outliers,True,,warm-specialist,honest,0,96,0.11889594742135982,0.08761712765971862,0.10686774925196882,11.413293572961344,0.6141296055506469,0.34038493855688934,,0.8438242704738732,0.0,0.15617572952612688,False,456,24,4530,0,0,0.0
453,56,candidate-measurement-bias,True,,warm-specialist,honest,0,95,0.29106510094209814,0.16084149369178555,0.19140775841491317,6.217301127010559,0.4697465768859916,0.23395535742314388,,0.8609960414728458,0.0,0.13900395852715422,False,456,24,4450,0,0,0.0
454,56,false-accept-claim,True,,aggregate-advisor,honest,0,95,0.13736940859184682,0.11896267320574834,0.14343693161839835,8.405998058487471,0.4567268374003249,0.09655888644323711,,0.7905622416377771,0.0,0.20943775836222278,False,456,24,4450,95,0,0.0
455,56,all-fail,False,all_failed,,,0,0,0.0,0.0,0.0,0.0,,,,0.0,0.0,0.0,True,456,24,0,0,0,
456,57,honest,True,,warm-specialist,honest,0,96,0.13907530640254773,0.08922722674897815,0.10994077927908856,11.207341485724841,0.5848853386196637,0.10690213860807585,,0.8347069837091969,0.0,0.1652930162908031,False,456,24,4530,0,0,0.0
457,57,fast-worker,True,,warm-specialist,honest,0,96,0.13907530640254775,0.08922722674897815,0.10994077927908856,11.207341485724841,0.5848853386196637,0.10690213860807586,1.0,0.8347069837091968,0.0,0.16529301629080312,False,456,24,4530,0,0,0.0
458,57,slow-worker,True,,warm-specialist,honest,0,96,0.13907530640254775,0.08922722674897814,0.10994077927908856,11.207341485724843,0.5848853386196637,0.10690213860807585,1.0,0.8347069837091969,0.0,0.16529301629080306,False,456,24,4530,0,0,0.0
459,57,order-bias,True,,warm-specialist,honest,0,96,0.2274244072490288,0.09873228697211796,0.12294378026127974,10.128399034070794,0.6199784589368436,0.12896404415716137,,0.8431822393716216,0.0,0.15681776062837827,False,456,24,4530,0,0,0.0
460,57,timing-outliers,True,,warm-specialist,honest,0,96,0.08340335749875491,0.1277649086147376,0.15844740247351555,7.826875241741069,0.3339974513048365,0.36147680499734564,,0.769199548656723,0.0,0.23080045134327687,False,456,24,4490,0,0,0.0
461,57,candidate-measurement-bias,True,,warm-specialist,honest,0,96,0.25499852366216885,0.12187136309734618,0.14857942184327996,8.20537306373802,0.6557879587896889,0.22297031749551424,,0.887413523800198,0.0,0.11258647619980214,False,456,24,4530,0,0,0.0
462,57,false-accept-claim,True,,warm-specialist,honest,0,96,0.13907530640254773,0.08922722674897815,0.10994077927908856,11.207341485724841,0.5848853386196637,0.10690213860807585,,0.8347069837091969,0.0,0.1652930162908031,False,456,24,4530,96,0,0.0
463,57,all-fail,False,all_failed,,,0,0,0.0,0.0,0.0,0.0,,,,0.0,0.0,0.0,True,456,24,0,0,0,
464,58,honest,True,,aggregate-advisor,honest,0,94,0.12451169417407444,0.09640128732339792,0.11870452229075434,10.373305458518356,0.5138198631008718,0.07693389649562672,,0.7392563829120402,0.0,0.2607436170879598,False,456,24,4490,0,0,0.0
465,58,fast-worker,True,,aggregate-advisor,honest,0,94,0.12451169417407444,0.09640128732339792,0.11870452229075434,10.373305458518356,0.5138198631008718,0.07693389649562671,1.0,0.7392563829120402,0.0,0.2607436170879598,False,456,24,4490,0,0,0.0
466,58,slow-worker,True,,aggregate-advisor,honest,0,94,0.12451169417407448,0.09640128732339794,0.11870452229075436,10.373305458518354,0.5138198631008718,0.07693389649562675,1.0,0.7392563829120402,0.0,0.2607436170879598,False,456,24,4490,0,0,0.0
467,58,order-bias,True,,warm-specialist,honest,0,94,0.1887461930688845,0.10286998013380774,0.1286007931750726,9.72100897365056,0.5018705639589911,0.09726645821732015,,0.7493197703598766,0.0,0.2506802296401233,False,456,24,4490,0,0,0.0
468,58,timing-outliers,True,,warm-specialist,honest,0,93,0.1368643903532162,0.09731382675364707,0.11610449259610521,10.276032022988169,0.6536553093734954,0.2188068447735574,,0.8286663029041825,0.0,0.17133369709581747,False,456,24,4480,0,0,0.0
469,58,candidate-measurement-bias,True,,aggregate-advisor,honest,0,94,0.22831562969177874,0.13107475437691368,0.16976780901047817,7.629234208781633,0.5369861142017233,0.21040011358474273,,0.8107631514724278,0.0,0.18923684852757225,False,456,24,4490,0,0,0.0
470,58,false-accept-claim,True,,aggregate-advisor,honest,0,94,0.12451169417407444,0.09640128732339792,0.11870452229075434,10.373305458518356,0.5138198631008718,0.07693389649562672,,0.7392563829120402,0.0,0.2607436170879598,False,456,24,4490,94,0,0.0
471,58,all-fail,False,all_failed,,,0,0,0.0,0.0,0.0,0.0,,,,0.0,0.0,0.0,True,456,24,0,0,0,
472,59,honest,True,,aggregate-advisor,honest,0,96,0.16177750489459886,0.10865811523560268,0.139158481628987,9.203178224025942,0.44740673823969423,0.10305788321013369,,0.7948714082010055,0.0,0.20512859179899445,False,456,24,4510,0,0,0.0
473,59,fast-worker,True,,aggregate-advisor,honest,0,96,0.1617775048945989,0.10865811523560269,0.13915848162898697,9.20317822402594,0.44740673823969423,0.1030578832101337,1.0,0.7948714082010054,0.0,0.2051285917989945,False,456,24,4510,0,0,0.0
474,59,slow-worker,True,,aggregate-advisor,honest,0,96,0.1617775048945989,0.1086581152356027,0.139158481628987,9.20317822402594,0.44740673823969423,0.10305788321013372,1.0,0.7948714082010055,0.0,0.2051285917989945,False,456,24,4510,0,0,0.0
475,59,order-bias,True,,aggregate-advisor,honest,0,96,0.2526858942642239,0.12172080559869058,0.1496552725717373,8.215522359398166,0.48417989480734036,0.13491485990977653,,0.7982871075621867,0.0,0.20171289243781337,False,456,24,4510,0,0,0.0
476,59,timing-outliers,True,,aggregate-advisor,honest,0,96,0.11949697469887761,0.09508833079395163,0.11992006412798825,10.516537535682643,0.5855156579521562,0.3159890520286683,,0.8379661270026778,0.0,0.16203387299732228,False,456,24,4490,0,0,0.0
477,59,candidate-measurement-bias,True,,aggregate-advisor,honest,0,96,0.18636071487121447,0.15907528493910472,0.20493350101254634,6.2863316597723395,0.59469196781642,0.2631220451783967,,0.8500750441276135,0.0,0.14992495587238652,False,456,24,4510,0,0,0.0
478,59,false-accept-claim,True,,aggregate-advisor,honest,0,96,0.16177750489459886,0.10865811523560268,0.139158481628987,9.203178224025942,0.44740673823969423,0.10305788321013369,,0.7948714082010055,0.0,0.20512859179899445,False,456,24,4510,96,0,0.0
479,59,all-fail,False,all_failed,,,0,0,0.0,0.0,0.0,0.0,,,,0.0,0.0,0.0,True,456,24,0,0,0,
480,60,honest,True,,warm-specialist,honest,0,95,0.13794053529150654,0.08907595909762846,0.11087895682466607,11.22637364930291,0.532245658143894,0.09310342262768757,,0.7489837559154883,0.0,0.25101624408451173,False,456,24,4520,0,0,0.0
481,60,fast-worker,True,,warm-specialist,honest,0,95,0.13794053529150654,0.08907595909762846,0.11087895682466607,11.22637364930291,0.532245658143894,0.0931034226276876,1.0,0.7489837559154883,0.0,0.25101624408451173,False,456,24,4520,0,0,0.0
482,60,slow-worker,True,,warm-specialist,honest,0,95,0.13794053529150654,0.08907595909762846,0.11087895682466607,11.22637364930291,0.532245658143894,0.09310342262768757,1.0,0.7489837559154883,0.0,0.25101624408451173,False,456,24,4520,0,0,0.0
483,60,order-bias,True,,warm-specialist,honest,0,95,0.2292762322099946,0.09857312802633952,0.12406906406652357,10.144752632104685,0.5556410716886805,0.12234952997320266,,0.7585804786634047,0.0,0.24141952133659525,False,456,24,4520,0,0,0.0
484,60,timing-outliers,True,,warm-specialist,honest,0,93,0.11885223785656694,0.0807904646872816,0.1002871952730676,12.377698331984275,0.7068965517241379,0.28119487183346537,,0.785722868811155,0.0,0.21427713118884503,False,456,24,4510,0,0,0.0
485,60,candidate-measurement-bias,True,,warm-specialist,honest,0,95,0.27411401045405426,0.12477148787813656,0.1575443990939325,8.014651560272272,0.5883705050823377,0.2392193679326792,,0.8196866241112593,0.0,0.18031337588874075,False,456,24,4520,0,0,0.0
486,60,false-accept-claim,True,,warm-specialist,honest,0,95,0.13794053529150654,0.08907595909762846,0.11087895682466607,11.22637364930291,0.532245658143894,0.09310342262768757,,0.7489837559154883,0.0,0.25101624408451173,False,456,24,4520,95,0,0.0
487,60,all-fail,False,all_failed,,,0,0,0.0,0.0,0.0,0.0,,,,0.0,0.0,0.0,True,456,24,0,0,0,
488,61,honest,True,,aggregate-advisor,honest,0,96,0.1492162895222546,0.09826875108176497,0.11841288372147778,10.176174918188849,0.6353285249985375,0.09389919248331985,,0.912519830438546,0.0,0.08748016956145388,False,456,24,4510,0,0,0.0
489,61,fast-worker,True,,aggregate-advisor,honest,0,96,0.14921628952225466,0.09826875108176497,0.11841288372147778,10.176174918188849,0.6353285249985375,0.09389919248331985,1.0,0.9125198304385461,0.0,0.0874801695614539,False,456,24,4510,0,0,0.0
490,61,slow-worker,True,,aggregate-advisor,honest,0,96,0.14921628952225463,0.098268751081765,0.11841288372147775,10.176174918188845,0.6353285249985375,0.09389919248331986,1.0,0.9125198304385462,0.0,0.08748016956145391,False,456,24,4510,0,0,0.0
491,61,order-bias,True,,warm-specialist,honest,0,96,0.2323850205173323,0.10901112304415901,0.12971965032192606,9.173375817758641,0.598674956248622,0.12400252291039389,,0.9152427402162223,0.0,0.08475725978377775,False,456,24,4510,0,0,0.0
492,61,timing-outliers,True,,aggregate-advisor,honest,0,93,0.177935457050484,0.12383447246911501,0.14609160407458666,8.075295836943994,0.4110541536602924,0.3148600435920561,,1.0,0.0,0.0,False,456,24,4460,0,0,0.0
493,61,candidate-measurement-bias,True,,aggregate-advisor,honest,0,96,0.23924473539891927,0.13378216453523542,0.1581901944701625,7.474837946254196,0.6198435650432981,0.21309422143980672,,0.9414323587274128,0.0,0.058567641272587206,False,456,24,4510,0,0,0.0
494,61,false-accept-claim,True,,aggregate-advisor,honest,0,96,0.1492162895222546,0.09826875108176497,0.11841288372147778,10.176174918188849,0.6353285249985375,0.09389919248331985,,0.912519830438546,0.0,0.08748016956145388,False,456,24,4510,96,0,0.0
495,61,all-fail,False,all_failed,,,0,0,0.0,0.0,0.0,0.0,,,,0.0,0.0,0.0,True,456,24,0,0,0,
496,62,honest,True,,aggregate-advisor,honest,0,96,0.12191913027999761,0.10591380665422195,0.12954569620566403,9.441639684094367,0.5288355727636086,0.08398672615002822,,0.9054640656036689,0.0,0.09453593439633111,False,456,24,4510,0,0,0.0
497,62,fast-worker,True,,aggregate-advisor,honest,0,96,0.12191913027999761,0.10591380665422198,0.12954569620566408,9.441639684094364,0.5288355727636086,0.08398672615002822,1.0,0.9054640656036688,0.0,0.09453593439633111,False,456,24,4510,0,0,0.0
498,62,slow-worker,True,,aggregate-advisor,honest,0,96,0.12191913027999765,0.10591380665422198,0.12954569620566406,9.441639684094364,0.5288355727636086,0.08398672615002824,1.0,0.905464065603669,0.0,0.09453593439633112,False,456,24,4510,0,0,0.0
499,62,order-bias,True,,aggregate-advisor,honest,0,96,0.18595492139798775,0.11325172074387821,0.13481496889952171,8.829887911915499,0.503652926441532,0.10588717941602786,,0.9102469650466265,0.0,0.08975303495337349,False,456,24,4510,0,0,0.0
500,62,timing-outliers,True,,aggregate-advisor,honest,0,96,0.13873012202253981,0.07603407168080176,0.09525776702763597,13.151998543470022,0.7139526427119981,0.2887501161040513,,0.7956771259546361,0.0,0.20432287404536392,False,456,24,4530,0,0,0.0
501,62,candidate-measurement-bias,True,,aggregate-advisor,honest,0,96,0.18552305872886538,0.13872880770432858,0.17740933988609683,7.208308184492515,0.52420994811915,0.20339941394648384,,0.9350829866461486,0.0,0.06491701335385143,False,456,24,4510,0,0,0.0
502,62,false-accept-claim,True,,aggregate-advisor,honest,0,96,0.12191913027999761,0.10591380665422195,0.12954569620566403,9.441639684094367,0.5288355727636086,0.08398672615002822,,0.9054640656036689,0.0,0.09453593439633111,False,456,24,4510,96,0,0.0
503,62,all-fail,False,all_failed,,,0,0,0.0,0.0,0.0,0.0,,,,0.0,0.0,0.0,True,456,24,0,0,0,
504,63,honest,True,,aggregate-advisor,honest,0,95,0.14281291626855103,0.08941699098073203,0.10936559312270798,11.183556827756421,0.6730484246481713,0.060585556368029064,,0.8396013955756743,0.0,0.16039860442432569,False,456,24,4520,0,0,0.0
505,63,fast-worker,True,,aggregate-advisor,honest,0,95,0.14281291626855103,0.08941699098073201,0.10936559312270798,11.183556827756423,0.6730484246481713,0.06058555636802907,1.0,0.8396013955756743,0.0,0.16039860442432574,False,456,24,4520,0,0,0.0
506,63,slow-worker,True,,aggregate-advisor,honest,0,95,0.14281291626855108,0.08941699098073201,0.10936559312270798,11.183556827756423,0.6730484246481713,0.06058555636802907,1.0,0.8396013955756744,0.0,0.1603986044243257,False,456,24,4520,0,0,0.0
507,63,order-bias,True,,warm-specialist,honest,0,95,0.22482120119855867,0.0984769035017704,0.11980637987531818,10.154665352389175,0.637311340153578,0.09143637528579578,,0.8452558359678322,0.0,0.1547441640321679,False,456,24,4520,0,0,0.0
508,63,timing-outliers,True,,aggregate-advisor,honest,0,94,0.15600356715271713,0.09065998003636579,0.11399367625742493,11.03022523939314,0.6492237016517758,0.12788846414504054,,0.9245203382355526,0.0,0.07547966176444741,False,456,24,4490,0,0,0.0
509,63,candidate-measurement-bias,True,,aggregate-advisor,honest,0,95,0.2594367403228265,0.12231490920843749,0.1501606206385663,8.17561821752976,0.6421574812129534,0.19742889146501216,,0.8902333370268277,0.0,0.10976666297317217,False,456,24,4520,0,0,0.0
510,63,false-accept-claim,True,,aggregate-advisor,honest,0,95,0.14281291626855103,0.08941699098073203,0.10936559312270798,11.183556827756421,0.6730484246481713,0.060585556368029064,,0.8396013955756743,0.0,0.16039860442432569,False,456,24,4520,95,0,0.0
511,63,all-fail,False,all_failed,,,0,0,0.0,0.0,0.0,0.0,,,,0.0,0.0,0.0,True,456,24,0,0,0,
