replication,cohort,scenario,planned,reason,winner,winner_category,false_acceptances,invalid_attempts,gini,hhi,top1_share,effective_miners,rank_stability_tau_b,validator_disagreement_tv,hardware_pair_tau_b,honest_weight,gaming_weight,sybil_weight,safe_no_update,strategy_evaluations,duplicate_cache_hits,trial_pairs,injected_false_claims,accepted_injected_false_claims,sybil_strategy_allocation_gain,behavior_equivalent_replica_allocation_gain
0,0,honest,True,,aggregate-advisor,honest,0,96,0.1588171688762501,0.12134633726130212,0.15130260757769612,8.240875024077916,0.4290201599558712,0.08480103070031259,,0.777402982798394,0.0,0.222597017201606,False,456,24,4510,0,0,0.0,0.0
1,0,fast-worker,True,,aggregate-advisor,honest,0,96,0.15881716887625016,0.12134633726130215,0.15130260757769615,8.240875024077914,0.4290201599558712,0.08480103070031263,1.0,0.7774029827983939,0.0,0.22259701720160596,False,456,24,4510,0,0,0.0,0.0
2,0,slow-worker,True,,aggregate-advisor,honest,0,96,0.15881716887625014,0.12134633726130212,0.15130260757769612,8.240875024077916,0.4290201599558712,0.08480103070031259,1.0,0.777402982798394,0.0,0.222597017201606,False,456,24,4510,0,0,0.0,0.0
3,0,order-bias,True,,aggregate-advisor,honest,0,96,0.2473477629006703,0.13606234045100465,0.16049368863242455,7.349572237882347,0.44127787881175323,0.11231955932040967,,0.78197544800117,0.0,0.2180245519988298,False,456,24,4510,0,0,0.0,0.0
4,0,timing-outliers,True,,covering-join,honest,0,94,0.17043067518503488,0.13748689651330268,0.17058828176593296,7.273420415764814,0.196469089002845,0.2770030114689203,,0.8724487661708543,0.0,0.12755123382914577,False,456,24,4450,0,0,0.0,0.0
5,0,candidate-measurement-bias,True,,aggregate-advisor,honest,0,96,0.19270259576456672,0.16005391465348065,0.20414187562435138,6.247894668274852,0.4518789047065435,0.19051171018111704,,0.8450016889157481,0.0,0.1549983110842518,False,456,24,4510,0,0,0.0,0.0
6,0,false-accept-claim,True,,aggregate-advisor,honest,0,96,0.1588171688762501,0.12134633726130212,0.15130260757769612,8.240875024077916,0.4290201599558712,0.08480103070031259,,0.777402982798394,0.0,0.222597017201606,False,456,24,4510,96,0,0.0,0.0
7,0,all-fail,False,all_failed,,,0,0,0.0,0.0,0.0,0.0,,,,0.0,0.0,0.0,True,456,24,0,0,0,,
8,1,honest,True,,aggregate-advisor,honest,0,96,0.1554561987146258,0.09848154990922374,0.12366624982407466,10.154186250335815,0.5088502445991074,0.08800628920916144,,0.8194244028758418,0.0,0.1805755971241581,False,456,24,4510,0,0,0.0,0.0
9,1,fast-worker,True,,aggregate-advisor,honest,0,96,0.1554561987146258,0.09848154990922375,0.12366624982407469,10.154186250335814,0.5088502445991074,0.08800628920916147,1.0,0.819424402875842,0.0,0.18057559712415808,False,456,24,4510,0,0,0.0,0.0
10,1,slow-worker,True,,aggregate-advisor,honest,0,96,0.15545619871462577,0.09848154990922374,0.12366624982407462,10.154186250335815,0.5088502445991074,0.08800628920916147,1.0,0.8194244028758418,0.0,0.1805755971241581,False,456,24,4510,0,0,0.0,0.0
11,1,order-bias,True,,warm-specialist,honest,0,96,0.2469622364615378,0.10976172632439885,0.13720236040321665,9.110643878217783,0.5088502445991074,0.119989821561174,,0.8217460276459864,0.0,0.17825397235401358,False,456,24,4510,0,0,0.0,0.0
12,1,timing-outliers,True,,warm-specialist,honest,0,95,0.15680795332219374,0.09841107104378408,0.12229016789366295,10.16145835416312,0.5205479513715007,0.2634290447822945,,0.8184333338831467,0.0,0.18156666611685338,False,456,24,4510,0,0,0.0,0.0
13,1,candidate-measurement-bias,True,,aggregate-advisor,honest,0,96,0.29590375532122914,0.1432176359238077,0.18021812713582372,6.982380302185714,0.5393396296588095,0.2506509540323179,,0.8660458798874558,0.0,0.13395412011254415,False,456,24,4510,0,0,0.0,0.0
14,1,false-accept-claim,True,,aggregate-advisor,honest,0,96,0.1554561987146258,0.09848154990922374,0.12366624982407466,10.154186250335815,0.5088502445991074,0.08800628920916144,,0.8194244028758418,0.0,0.1805755971241581,False,456,24,4510,96,0,0.0,0.0
15,1,all-fail,False,all_failed,,,0,0,0.0,0.0,0.0,0.0,,,,0.0,0.0,0.0,True,456,24,0,0,0,,
16,2,honest,True,,aggregate-advisor,honest,0,94,0.11711041956321465,0.08784996318136276,0.10616515584283846,11.383044042210237,0.7077112597297931,0.08128156064814092,,0.8443924295214554,0.0,0.15560757047854454,False,456,24,4510,0,0,0.0,0.0
17,2,fast-worker,True,,aggregate-advisor,honest,0,94,0.11711041956321468,0.08784996318136276,0.1061651558428385,11.383044042210237,0.7077112597297931,0.08128156064814095,1.0,0.8443924295214555,0.0,0.15560757047854448,False,456,24,4510,0,0,0.0,0.0
18,2,slow-worker,True,,aggregate-advisor,honest,0,94,0.11711041956321477,0.08784996318136278,0.10616515584283853,11.383044042210235,0.7077112597297931,0.08128156064814092,1.0,0.8443924295214554,0.0,0.1556075704785445,False,456,24,4510,0,0,0.0,0.0
19,2,order-bias,True,,warm-specialist,honest,0,94,0.1779033568554,0.09322750941426955,0.11339887346685676,10.726447657808377,0.6726181394126133,0.09742789815797709,,0.8537883633404463,0.0,0.1462116366595538,False,456,24,4510,0,0,0.0,0.0
20,2,timing-outliers,True,,warm-specialist,honest,0,95,0.14764159851311745,0.10774495596169507,0.12995129176728978,9.28117693375377,0.4596644570955763,0.2630473749352226,,0.9085164340191373,0.0,0.09148356598086267,False,456,24,4480,0,0,0.0,0.0
21,2,candidate-measurement-bias,True,,aggregate-advisor,honest,0,94,0.27043464039792453,0.11249481499406803,0.1423575477968994,8.889298587252497,0.6930593502290829,0.1850891233295799,,0.8958328695705108,0.0,0.1041671304294891,False,456,24,4510,0,0,0.0,0.0
22,2,false-accept-claim,True,,aggregate-advisor,honest,0,94,0.11711041956321465,0.08784996318136276,0.10616515584283846,11.383044042210237,0.7077112597297931,0.08128156064814092,,0.8443924295214554,0.0,0.15560757047854454,False,456,24,4510,94,0,0.0,0.0
23,2,all-fail,False,all_failed,,,0,0,0.0,0.0,0.0,0.0,,,,0.0,0.0,0.0,True,456,24,0,0,0,,
24,3,honest,True,,aggregate-advisor,honest,0,94,0.1463578925918871,0.08958906420452725,0.11156937477737332,11.162076631552386,0.6149425287356322,0.05331320735263412,,0.8375417826244136,0.0,0.16245821737558647,False,456,24,4520,0,0,0.0,0.0
25,3,fast-worker,True,,aggregate-advisor,honest,0,94,0.1463578925918871,0.08958906420452725,0.11156937477737332,11.162076631552386,0.6149425287356322,0.053313207352634125,1.0,0.8375417826244136,0.0,0.16245821737558644,False,456,24,4520,0,0,0.0,0.0
26,3,slow-worker,True,,aggregate-advisor,honest,0,94,0.1463578925918871,0.08958906420452725,0.11156937477737333,11.162076631552386,0.6149425287356322,0.053313207352634145,1.0,0.8375417826244135,0.0,0.16245821737558647,False,456,24,4520,0,0,0.0,0.0
27,3,order-bias,True,,warm-specialist,honest,0,94,0.23154446271670479,0.09873986054042753,0.12313223723657665,10.127622163194825,0.603448275862069,0.07876628578446479,,0.840677848086343,0.0,0.1593221519136569,False,456,24,4520,0,0,0.0,0.0
28,3,timing-outliers,True,,aggregate-advisor,honest,0,93,0.11109584940047887,0.0946202133778068,0.11976631598374123,10.568566316872737,0.5735663588102755,0.06704220604118699,,0.8363000423089578,0.0,0.16369995769104217,False,456,24,4490,0,0,0.0,0.0
29,3,candidate-measurement-bias,True,,aggregate-advisor,honest,0,94,0.20497991170432395,0.12636683160506898,0.1591592646937643,7.913468964112943,0.6006282239382197,0.20014787954410893,,0.8812336562173418,0.0,0.11876634378265817,False,456,24,4520,0,0,0.0,0.0
30,3,false-accept-claim,True,,aggregate-advisor,honest,0,94,0.1463578925918871,0.08958906420452725,0.11156937477737332,11.162076631552386,0.6149425287356322,0.05331320735263412,,0.8375417826244136,0.0,0.16245821737558647,False,456,24,4520,94,0,0.0,0.0
31,3,all-fail,False,all_failed,,,0,0,0.0,0.0,0.0,0.0,,,,0.0,0.0,0.0,True,456,24,0,0,0,,
32,4,honest,True,,aggregate-advisor,honest,0,95,0.1625904568762734,0.10894686376363558,0.13441568239981871,9.178786478604273,0.42289130052793017,0.10383165265143329,,0.9005101936492018,0.0,0.09948980635079825,False,456,24,4480,0,0,0.0,0.0
33,4,fast-worker,True,,aggregate-advisor,honest,0,95,0.16259045687627338,0.10894686376363558,0.13441568239981871,9.178786478604273,0.42289130052793017,0.1038316526514333,1.0,0.9005101936492018,0.0,0.09948980635079821,False,456,24,4480,0,0,0.0,0.0
34,4,slow-worker,True,,aggregate-advisor,honest,0,95,0.1625904568762734,0.10894686376363558,0.1344156823998187,9.178786478604273,0.42289130052793017,0.10383165265143329,1.0,0.9005101936492017,0.0,0.09948980635079824,False,456,24,4480,0,0,0.0,0.0
35,4,order-bias,True,,warm-specialist,honest,0,95,0.2580608062044519,0.12256126936338849,0.15081273670300396,8.15918442420049,0.43514901938381223,0.1360800111301856,,0.9022239632336421,0.0,0.09777603676635788,False,456,24,4480,0,0,0.0,0.0
36,4,timing-outliers,True,,warm-specialist,honest,0,95,0.15489650764725457,0.08300017493777623,0.1047059323355268,12.048167377354114,0.7592829692333948,0.32330935336718597,,0.8673947400027383,0.0,0.13260525999726164,False,456,24,4540,0,0,0.0,0.0
37,4,candidate-measurement-bias,True,,aggregate-advisor,honest,0,95,0.18661423080007863,0.16045596283297026,0.1890488746227314,6.232239564951347,0.5126654894969138,0.2533823160840357,,0.9291398052062013,0.0,0.0708601947937986,False,456,24,4480,0,0,0.0,0.0
38,4,false-accept-claim,True,,aggregate-advisor,honest,0,95,0.1625904568762734,0.10894686376363558,0.13441568239981871,9.178786478604273,0.42289130052793017,0.10383165265143329,,0.9005101936492018,0.0,0.09948980635079825,False,456,24,4480,95,0,0.0,0.0
39,4,all-fail,False,all_failed,,,0,0,0.0,0.0,0.0,0.0,,,,0.0,0.0,0.0,True,456,24,0,0,0,,
40,5,honest,True,,aggregate-advisor,honest,0,96,0.06258484597524207,0.11251456762837121,0.1313283571134441,8.887738015426939,0.6864322559293939,0.07464155701392253,,0.8077610112833906,0.0,0.19223898871660938,False,456,24,4510,0,0,0.0,0.0
41,5,fast-worker,True,,aggregate-advisor,honest,0,96,0.06258484597524196,0.1125145676283712,0.13132835711344404,8.88773801542694,0.6864322559293939,0.07464155701392255,1.0,0.8077610112833906,0.0,0.19223898871660947,False,456,24,4510,0,0,0.0,0.0
42,5,slow-worker,True,,aggregate-advisor,honest,0,96,0.06258484597524208,0.11251456762837121,0.1313283571134441,8.887738015426939,0.6864322559293939,0.07464155701392251,1.0,0.8077610112833906,0.0,0.19223898871660938,False,456,24,4510,0,0,0.0,0.0
43,5,order-bias,True,,warm-specialist,honest,0,96,0.09365044348068273,0.11439749174607589,0.13305718809575456,8.74145040015095,0.6619168182176298,0.08783884585574836,,0.82823579633654,0.0,0.17176420366346004,False,456,24,4510,0,0,0.0,0.0
44,5,timing-outliers,True,,aggregate-advisor,honest,0,93,0.10141497874175105,0.08693564199070998,0.10362788742235139,11.50276200993444,0.7298850574712644,0.29236302368402217,,0.8384850022686722,0.0,0.16151499773132771,False,456,24,4490,0,0,0.0,0.0
45,5,candidate-measurement-bias,True,,timeout-prone,honest,0,96,0.2085875384779733,0.1268942520117732,0.16292925446731718,7.880577600214865,0.6864322559293939,0.16034313604493922,,0.8859659294967842,0.0,0.11403407050321578,False,456,24,4510,0,0,0.0,0.0
46,5,false-accept-claim,True,,aggregate-advisor,honest,0,96,0.06258484597524207,0.11251456762837121,0.1313283571134441,8.887738015426939,0.6864322559293939,0.07464155701392253,,0.8077610112833906,0.0,0.19223898871660938,False,456,24,4510,96,0,0.0,0.0
47,5,all-fail,False,all_failed,,,0,0,0.0,0.0,0.0,0.0,,,,0.0,0.0,0.0,True,456,24,0,0,0,,
48,6,honest,True,,aggregate-advisor,honest,0,94,0.11288153759517609,0.13073131759193687,0.16009159491437674,7.649276534650922,0.37273153809296083,0.097518376500159,,0.7663417488514773,0.0,0.23365825114852273,False,456,24,4480,0,0,0.0,0.0
49,6,fast-worker,True,,aggregate-advisor,honest,0,94,0.1128815375951761,0.13073131759193685,0.16009159491437674,7.649276534650924,0.37273153809296083,0.09751837650015903,1.0,0.7663417488514772,0.0,0.23365825114852276,False,456,24,4480,0,0,0.0,0.0
50,6,slow-worker,True,,aggregate-advisor,honest,0,94,0.11288153759517608,0.13073131759193682,0.16009159491437672,7.649276534650925,0.37273153809296083,0.09751837650015903,1.0,0.7663417488514772,0.0,0.23365825114852268,False,456,24,4480,0,0,0.0,0.0
51,6,order-bias,True,,warm-specialist,honest,0,94,0.18166729574424853,0.14027781385920324,0.17253911874305028,7.128711037681978,0.3853665054859426,0.11823009494625351,,0.7757053782566645,0.0,0.22429462174333548,False,456,24,4480,0,0,0.0,0.0
52,6,timing-outliers,True,,warm-specialist,honest,0,95,0.15513454735025872,0.09823643019446102,0.12281877464731636,10.17952299386775,0.45036171073714104,0.3625132573422419,,0.8319779971444334,0.0,0.16802200285556662,False,456,24,4510,0,0,0.0,0.0
53,6,candidate-measurement-bias,True,,aggregate-advisor,honest,0,94,0.2278445643720241,0.16832394882960763,0.2132676474861189,5.940925263179801,0.4125850869059745,0.21303108884942454,,0.8472572816316595,0.0,0.15274271836834039,False,456,24,4480,0,0,0.0,0.0
54,6,false-accept-claim,True,,aggregate-advisor,honest,0,94,0.11288153759517609,0.13073131759193687,0.16009159491437674,7.649276534650922,0.37273153809296083,0.097518376500159,,0.7663417488514773,0.0,0.23365825114852273,False,456,24,4480,94,0,0.0,0.0
55,6,all-fail,False,all_failed,,,0,0,0.0,0.0,0.0,0.0,,,,0.0,0.0,0.0,True,456,24,0,0,0,,
56,7,honest,True,,aggregate-advisor,honest,0,95,0.1323413806969675,0.09678067542772618,0.11726235207605096,10.332641259016418,0.7169579485128443,0.07057441383646137,,0.8268344310894764,0.0,0.17316556891052362,False,456,24,4500,0,0,0.0,0.0
57,7,fast-worker,True,,aggregate-advisor,honest,0,95,0.13234138069696755,0.09678067542772618,0.11726235207605099,10.332641259016418,0.7169579485128443,0.07057441383646139,1.0,0.8268344310894764,0.0,0.17316556891052365,False,456,24,4500,0,0,0.0,0.0
58,7,slow-worker,True,,aggregate-advisor,honest,0,95,0.13234138069696755,0.0967806754277262,0.11726235207605099,10.332641259016416,0.7169579485128443,0.07057441383646136,1.0,0.8268344310894764,0.0,0.17316556891052365,False,456,24,4500,0,0,0.0,0.0
59,7,order-bias,True,,warm-specialist,honest,0,95,0.16773674402898936,0.10123713861585663,0.12414161903705155,9.877797947198909,0.7289072476547251,0.08821734175674852,,0.8389983025519763,0.0,0.1610016974480238,False,456,24,4500,0,0,0.0,0.0
60,7,timing-outliers,True,,aggregate-advisor,honest,0,95,0.14573365664272692,0.09806090468515014,0.11743840502519413,10.197743975652257,0.637311340153578,0.2611278561095776,,0.9167097383207846,0.0,0.08329026167921534,False,456,24,4510,0,0,0.0,0.0
61,7,candidate-measurement-bias,True,,warm-specialist,honest,0,95,0.19641412612741346,0.11213625358264881,0.14834369586071647,8.9177225745549,0.7599785690646861,0.1571751001708648,,0.8881180549071483,0.0,0.11188194509285179,False,456,24,4500,0,0,0.0,0.0
62,7,false-accept-claim,True,,aggregate-advisor,honest,0,95,0.1323413806969675,0.09678067542772618,0.11726235207605096,10.332641259016418,0.7169579485128443,0.07057441383646137,,0.8268344310894764,0.0,0.17316556891052362,False,456,24,4500,95,0,0.0,0.0
63,7,all-fail,False,all_failed,,,0,0,0.0,0.0,0.0,0.0,,,,0.0,0.0,0.0,True,456,24,0,0,0,,
64,8,honest,True,,aggregate-advisor,honest,0,95,0.14003493392874883,0.09759830242913663,0.12169973638192152,10.246079850887487,0.5790364852334671,0.09206386495863876,,0.8220823960899865,0.0,0.17791760391001354,False,456,24,4510,0,0,0.0,0.0
65,8,fast-worker,True,,aggregate-advisor,honest,0,95,0.14003493392874886,0.09759830242913663,0.12169973638192154,10.246079850887487,0.5790364852334671,0.09206386495863877,1.0,0.8220823960899865,0.0,0.17791760391001354,False,456,24,4510,0,0,0.0,0.0
66,8,slow-worker,True,,aggregate-advisor,honest,0,95,0.1400349339287488,0.09759830242913661,0.12169973638192154,10.246079850887488,0.5790364852334671,0.09206386495863879,1.0,0.8220823960899865,0.0,0.17791760391001354,False,456,24,4510,0,0,0.0,0.0
67,8,order-bias,True,,aggregate-advisor,honest,0,95,0.2197134576682317,0.10755218043384195,0.12790390573283453,9.297812428964424,0.5790364852334671,0.12197062748060335,,0.8270687253423005,0.0,0.17293127465769959,False,456,24,4510,0,0,0.0,0.0
68,8,timing-outliers,True,,aggregate-advisor,honest,0,96,0.15817544098022152,0.09854518997070368,0.12269118286684452,10.147628720359545,0.5197945126718122,0.34589898837874106,,0.8194125738701922,0.0,0.18058742612980777,False,456,24,4520,0,0,0.0,0.0950587580339269
69,8,candidate-measurement-bias,True,,aggregate-advisor,honest,0,95,0.20864480955844733,0.12634879362872695,0.1670949988744879,7.914598717408235,0.5638550673705736,0.2081956623734086,,0.8780587378706235,0.0,0.12194126212937656,False,456,24,4510,0,0,0.0,0.0
70,8,false-accept-claim,True,,aggregate-advisor,honest,0,95,0.14003493392874883,0.09759830242913663,0.12169973638192152,10.246079850887487,0.5790364852334671,0.09206386495863876,,0.8220823960899865,0.0,0.17791760391001354,False,456,24,4510,95,0,0.0,0.0
71,8,all-fail,False,all_failed,,,0,0,0.0,0.0,0.0,0.0,,,,0.0,0.0,0.0,True,456,24,0,0,0,,
72,9,honest,True,,aggregate-advisor,honest,0,96,0.14994496528071502,0.09808887796699951,0.12347171566334725,10.19483575229023,0.48992126481711035,0.10576876447402629,,0.8188263349152924,0.0,0.18117366508470764,False,456,24,4520,0,0,0.0,0.09061234781777845
73,9,fast-worker,True,,aggregate-advisor,honest,0,96,0.14994496528071505,0.09808887796699951,0.12347171566334726,10.19483575229023,0.48992126481711035,0.10576876447402628,1.0,0.8188263349152924,0.0,0.18117366508470767,False,456,24,4520,0,0,0.0,0.09061234781777847
74,9,slow-worker,True,,aggregate-advisor,honest,0,96,0.14994496528071502,0.09808887796699951,0.12347171566334726,10.19483575229023,0.48992126481711035,0.10576876447402628,1.0,0.8188263349152924,0.0,0.18117366508470767,False,456,24,4520,0,0,0.0,0.09061234781777847
75,9,order-bias,True,,timeout-prone,honest,0,96,0.24651625343107916,0.10965559392005025,0.13783380995355332,9.119461800818831,0.549667760526514,0.13434847432702693,,0.8220750990799183,0.0,0.17792490092008179,False,456,24,4520,0,0,0.0,0.08912453816853007
76,9,timing-outliers,True,,aggregate-advisor,honest,0,96,0.13943715286407773,0.09748576938567428,0.11406230206134912,10.257907449484128,0.6597642374984813,0.3471957387809433,,1.0,0.0,0.0,False,456,24,4490,0,0,0.0,0.0
77,9,candidate-measurement-bias,True,,timeout-prone,honest,0,96,0.30963638338898875,0.14488941389471915,0.20129896644801898,6.901815482024304,0.6001609511666318,0.2606045782472511,,0.8648299514535275,0.0,0.13517004854647255,False,456,24,4520,0,0,0.0,0.06809547920598794
78,9,false-accept-claim,True,,aggregate-advisor,honest,0,96,0.14994496528071502,0.09808887796699951,0.12347171566334725,10.19483575229023,0.48992126481711035,0.10576876447402629,,0.8188263349152924,0.0,0.18117366508470764,False,456,24,4520,96,0,0.0,0.09061234781777845
79,9,all-fail,False,all_failed,,,0,0,0.0,0.0,0.0,0.0,,,,0.0,0.0,0.0,True,456,24,0,0,0,,
80,10,honest,True,,aggregate-advisor,honest,0,96,0.1523595293728903,0.09825945338961904,0.12088277879468054,10.177137827490178,0.5556424100974544,0.07911677832972581,,0.9117167863885304,0.0,0.08828321361146957,False,456,24,4500,0,0,0.0,0.0
81,10,fast-worker,True,,aggregate-advisor,honest,0,96,0.15235952937289032,0.09825945338961904,0.12088277879468054,10.177137827490178,0.5556424100974544,0.07911677832972583,1.0,0.9117167863885305,0.0,0.08828321361146957,False,456,24,4500,0,0,0.0,0.0
82,10,slow-worker,True,,aggregate-advisor,honest,0,96,0.15235952937289035,0.09825945338961903,0.12088277879468054,10.17713782749018,0.5556424100974544,0.07911677832972581,1.0,0.9117167863885304,0.0,0.08828321361146957,False,456,24,4500,0,0,0.0,0.0
83,10,order-bias,True,,warm-specialist,honest,0,96,0.24169467200688335,0.10947670846456899,0.13177291852079426,9.134363044205331,0.5556424100974544,0.10924939336257,,0.9144603964320963,0.0,0.08553960356790377,False,456,24,4500,0,0,0.0,0.0
84,10,timing-outliers,True,,warm-specialist,honest,0,96,0.13969792057315714,0.09729714385319295,0.11752024191744187,10.277793986520845,0.6141296055506469,0.2127606376317671,,0.8349921090895366,0.0,0.16500789091046336,False,456,24,4520,0,0,0.0,0.0
85,10,candidate-measurement-bias,True,,aggregate-advisor,honest,0,96,0.2628766856828169,0.13702737713128343,0.16536296133637046,7.297811728833707,0.6064784348631227,0.21979255288918734,,0.9382600370085895,0.0,0.061739962991410414,False,456,24,4500,0,0,0.0,0.0
86,10,false-accept-claim,True,,aggregate-advisor,honest,0,96,0.1523595293728903,0.09825945338961904,0.12088277879468054,10.177137827490178,0.5556424100974544,0.07911677832972581,,0.9117167863885304,0.0,0.08828321361146957,False,456,24,4500,96,0,0.0,0.0
87,10,all-fail,False,all_failed,,,0,0,0.0,0.0,0.0,0.0,,,,0.0,0.0,0.0,True,456,24,0,0,0,,
88,11,honest,True,,aggregate-advisor,honest,0,95,0.12759395921291988,0.10628486191886732,0.12660701576981748,9.408677604185545,0.6213635553777984,0.09060967898645783,,0.8132889268125445,0.0,0.18671107318745556,False,456,24,4490,0,0,0.0,0.0
89,11,fast-worker,True,,aggregate-advisor,honest,0,95,0.12759395921291988,0.10628486191886732,0.1266070157698175,9.408677604185545,0.6213635553777984,0.09060967898645783,1.0,0.8132889268125445,0.0,0.1867110731874556,False,456,24,4490,0,0,0.0,0.0
90,11,slow-worker,True,,aggregate-advisor,honest,0,95,0.1275939592129199,0.10628486191886731,0.1266070157698175,9.408677604185545,0.6213635553777984,0.09060967898645783,1.0,0.8132889268125444,0.0,0.1867110731874556,False,456,24,4490,0,0,0.0,0.0
91,11,order-bias,True,,warm-specialist,honest,0,95,0.19110384234974295,0.11386267817069488,0.13587171150117464,8.782509036902072,0.5855156579521562,0.11303056098492698,,0.8240914299193491,0.0,0.1759085700806508,False,456,24,4490,0,0,0.0,0.0
92,11,timing-outliers,True,,warm-specialist,honest,0,96,0.14340407729721819,0.08959428932337835,0.10842517527404355,11.161425661747666,0.7298850574712644,0.3162970456310174,,0.8367036363120296,0.0,0.1632963636879704,False,456,24,4530,0,0,0.0,0.0
93,11,candidate-measurement-bias,True,,aggregate-advisor,honest,0,95,0.18119254303433993,0.13886938124033485,0.16583698434233957,7.201011418559905,0.6254308859525953,0.20897744403005494,,0.877453554832226,0.0,0.12254644516777395,False,456,24,4490,0,0,0.0,0.0
94,11,false-accept-claim,True,,aggregate-advisor,honest,0,95,0.12759395921291988,0.10628486191886732,0.12660701576981748,9.408677604185545,0.6213635553777984,0.09060967898645783,,0.8132889268125445,0.0,0.18671107318745556,False,456,24,4490,95,0,0.0,0.0
95,11,all-fail,False,all_failed,,,0,0,0.0,0.0,0.0,0.0,,,,0.0,0.0,0.0,True,456,24,0,0,0,,
96,12,honest,True,,warm-specialist,honest,0,94,0.10290356408000241,0.12998875424010065,0.15762474931176823,7.6929731794560645,0.3474616033069974,0.08874228505407865,,0.7623364157263298,0.0,0.2376635842736701,False,456,24,4440,0,0,0.0,0.0
97,12,fast-worker,True,,warm-specialist,honest,0,94,0.10290356408000247,0.12998875424010062,0.15762474931176823,7.692973179456065,0.3474616033069974,0.08874228505407866,1.0,0.7623364157263298,0.0,0.23766358427367015,False,456,24,4440,0,0,0.0,0.0
98,12,slow-worker,True,,warm-specialist,honest,0,94,0.10290356408000242,0.12998875424010062,0.15762474931176823,7.692973179456065,0.3474616033069974,0.08874228505407865,1.0,0.7623364157263299,0.0,0.23766358427367013,False,456,24,4440,0,0,0.0,0.0
99,12,order-bias,True,,warm-specialist,honest,0,94,0.17885237587058464,0.14001913570372077,0.1742363585210109,7.141880964870338,0.3474616033069974,0.11508647142069113,,0.7726820160491222,0.0,0.22731798395087785,False,456,24,4440,0,0,0.0,0.0
100,12,timing-outliers,True,,aggregate-advisor,honest,0,96,0.17596957825347148,0.12230241997267269,0.15587851569945255,8.17645309245263,0.3187006902529329,0.3255001769957348,,0.7747026270413305,0.0,0.22529737295866953,False,456,24,4510,0,0,0.0,0.0
101,12,candidate-measurement-bias,True,,warm-specialist,honest,0,94,0.2166403346010863,0.1649940316347415,0.21704783824027796,6.060825292237043,0.3601933298385492,0.2080725972233922,,0.8362419340954728,0.0,0.16375806590452718,False,456,24,4440,0,0,0.0,0.0
102,12,false-accept-claim,True,,warm-specialist,honest,0,94,0.10290356408000241,0.12998875424010065,0.15762474931176823,7.6929731794560645,0.3474616033069974,0.08874228505407865,,0.7623364157263298,0.0,0.2376635842736701,False,456,24,4440,94,0,0.0,0.0
103,12,all-fail,False,all_failed,,,0,0,0.0,0.0,0.0,0.0,,,,0.0,0.0,0.0,True,456,24,0,0,0,,
104,13,honest,True,,aggregate-advisor,honest,0,96,0.1621978736013187,0.10888577803944734,0.13861987075676102,9.183935845484966,0.36773156567646104,0.13769683046019002,,0.7980715754846438,0.0,0.20192842451535623,False,456,24,4500,0,0,0.0,0.0
105,13,fast-worker,True,,aggregate-advisor,honest,0,96,0.16219787360131876,0.10888577803944734,0.13861987075676102,9.183935845484966,0.36773156567646104,0.13769683046019002,1.0,0.7980715754846438,0.0,0.20192842451535625,False,456,24,4500,0,0,0.0,0.0
106,13,slow-worker,True,,aggregate-advisor,honest,0,96,0.1621978736013187,0.10888577803944734,0.13861987075676102,9.183935845484966,0.36773156567646104,0.13769683046019002,1.0,0.7980715754846438,0.0,0.20192842451535625,False,456,24,4500,0,0,0.0,0.0
107,13,order-bias,True,,warm-specialist,honest,0,96,0.26094563767428314,0.12265676074441159,0.15760577217662214,8.152832293392857,0.37998928453234304,0.17178057023564686,,0.7951958788912646,0.0,0.20480412110873536,False,456,24,4500,0,0,0.0,0.0
108,13,timing-outliers,True,,covering-join,honest,0,94,0.17694979730402693,0.1222927826172846,0.157794043919292,8.177097442696198,0.22183874959444352,0.5447951030735024,,0.8886319170875092,0.0,0.11136808291249069,False,456,24,4470,0,0,0.0,0.0
109,13,candidate-measurement-bias,True,,aggregate-advisor,honest,0,96,0.22916729173051847,0.1676046513124937,0.22324983886901173,5.966421529289965,0.46481671047720186,0.31428837609425825,,0.8401333679103046,0.0,0.15986663208969543,False,456,24,4500,0,0,0.0,0.0
110,13,false-accept-claim,True,,aggregate-advisor,honest,0,96,0.1621978736013187,0.10888577803944734,0.13861987075676102,9.183935845484966,0.36773156567646104,0.13769683046019002,,0.7980715754846438,0.0,0.20192842451535623,False,456,24,4500,96,0,0.0,0.0
111,13,all-fail,False,all_failed,,,0,0,0.0,0.0,0.0,0.0,,,,0.0,0.0,0.0,True,456,24,0,0,0,,
112,14,honest,True,,warm-specialist,honest,0,96,0.09770287476677249,0.09400633659941642,0.11337222226014458,10.637580786295718,0.5673387784610738,0.09144735167703481,,0.8302496557801834,0.0,0.1697503442198166,False,456,24,4520,0,0,0.0,0.0
113,14,fast-worker,True,,warm-specialist,honest,0,96,0.09770287476677252,0.09400633659941643,0.1133722222601446,10.637580786295716,0.5673387784610738,0.09144735167703481,1.0,0.8302496557801834,0.0,0.16975034421981663,False,456,24,4520,0,0,0.0,0.0
114,14,slow-worker,True,,warm-specialist,honest,0,96,0.09770287476677252,0.09400633659941644,0.1133722222601446,10.637580786295715,0.5673387784610738,0.09144735167703481,1.0,0.8302496557801834,0.0,0.16975034421981663,False,456,24,4520,0,0,0.0,0.0
115,14,order-bias,True,,warm-specialist,honest,0,96,0.1706909829765337,0.10025272389636858,0.12566602018057396,9.974791318724684,0.5673387784610738,0.11450557614519395,,0.8384738236400778,0.0,0.16152617635992217,False,456,24,4520,0,0,0.0,0.0
116,14,timing-outliers,True,,aggregate-advisor,honest,0,95,0.14850323711333008,0.09832729150229695,0.12806457027902718,10.17011640127034,0.532245658143894,0.3108051017253533,,0.8195361547037361,0.0,0.18046384529626386,False,456,24,4510,0,0,0.0,0.0
117,14,candidate-measurement-bias,True,,warm-specialist,honest,0,96,0.20919119781783432,0.12651466217663757,0.16546489663385114,7.9042221889176565,0.5515973485146916,0.22561009937325305,,0.8825484695570696,0.0,0.11745153044293048,False,456,24,4520,0,0,0.0,0.0
118,14,false-accept-claim,True,,warm-specialist,honest,0,96,0.09770287476677249,0.09400633659941642,0.11337222226014458,10.637580786295718,0.5673387784610738,0.09144735167703481,,0.8302496557801834,0.0,0.1697503442198166,False,456,24,4520,96,0,0.0,0.0
119,14,all-fail,False,all_failed,,,0,0,0.0,0.0,0.0,0.0,,,,0.0,0.0,0.0,True,456,24,0,0,0,,
120,15,honest,True,,aggregate-advisor,honest,0,95,0.13975609038923648,0.0822844008064526,0.10121035641521313,12.152971768636634,0.7479503876030456,0.0986397030564767,,0.8521723455489398,0.0,0.14782765445106025,False,456,24,4530,0,0,0.0,0.0
121,15,fast-worker,True,,aggregate-advisor,honest,0,95,0.13975609038923656,0.0822844008064526,0.1012103564152132,12.152971768636634,0.7479503876030456,0.0986397030564767,1.0,0.8521723455489398,0.0,0.14782765445106022,False,456,24,4530,0,0,0.0,0.0
122,15,slow-worker,True,,aggregate-advisor,honest,0,95,0.13975609038923656,0.0822844008064526,0.1012103564152132,12.152971768636634,0.7479503876030456,0.0986397030564767,1.0,0.8521723455489398,0.0,0.14782765445106028,False,456,24,4530,0,0,0.0,0.0
123,15,order-bias,True,,warm-specialist,honest,0,95,0.22079516792644663,0.09027693136557063,0.11175054237249098,11.077026931172087,0.7252852243423472,0.12161715286235936,,0.855720558821155,0.0,0.1442794411788449,False,456,24,4530,0,0,0.0,0.0
124,15,timing-outliers,True,,aggregate-advisor,honest,0,95,0.16533769604946247,0.12233631646822653,0.14601732589591038,8.174187590973629,0.4290201599558712,0.322416550924503,,0.7784870629413073,0.0,0.2215129370586927,False,456,24,4490,0,0,0.0,0.0
125,15,candidate-measurement-bias,True,,warm-specialist,honest,0,95,0.26964183430177663,0.11239163512141769,0.14146362414161642,8.897459307533795,0.7077112597297931,0.2076329494147089,,0.8945291563271535,0.0,0.10547084367284652,False,456,24,4530,0,0,0.0,0.0
126,15,false-accept-claim,True,,aggregate-advisor,honest,0,95,0.13975609038923648,0.0822844008064526,0.10121035641521313,12.152971768636634,0.7479503876030456,0.0986397030564767,,0.8521723455489398,0.0,0.14782765445106025,False,456,24,4530,95,0,0.0,0.0
127,15,all-fail,False,all_failed,,,0,0,0.0,0.0,0.0,0.0,,,,0.0,0.0,0.0,True,456,24,0,0,0,,
128,16,honest,True,,aggregate-advisor,honest,0,96,0.10571590865712915,0.09442046037420139,0.11527745816007257,10.590924848670099,0.6024318987782536,0.10230560677777194,,0.8309520599949969,0.0,0.1690479400050031,False,456,24,4510,0,0,0.0,0.0
129,16,fast-worker,True,,aggregate-advisor,honest,0,96,0.10571590865712922,0.09442046037420139,0.1152774581600726,10.590924848670099,0.6024318987782536,0.10230560677777194,1.0,0.8309520599949969,0.0,0.1690479400050031,False,456,24,4510,0,0,0.0,0.0
130,16,slow-worker,True,,aggregate-advisor,honest,0,96,0.10571590865712914,0.09442046037420139,0.11527745816007258,10.590924848670099,0.6024318987782536,0.10230560677777197,1.0,0.830952059994997,0.0,0.1690479400050031,False,456,24,4510,0,0,0.0,0.0
131,16,order-bias,True,,warm-specialist,honest,0,96,0.17398651207180477,0.10055932115008064,0.12457559377436872,9.944378985092206,0.6024318987782536,0.12060718323352902,,0.8376306796226647,0.0,0.1623693203773353,False,456,24,4510,0,0,0.0,0.0
132,16,timing-outliers,True,,aggregate-advisor,honest,0,95,0.22762485374934538,0.12922181552373924,0.16919572273316347,7.7386314063687704,0.4406963106363405,0.35783958295615087,,0.8857414839331235,0.0,0.1142585160668765,False,456,24,4480,0,0,0.0,0.0
133,16,candidate-measurement-bias,True,,aggregate-advisor,honest,0,96,0.2082269470073716,0.1267854923001476,0.16115889252334412,7.887337753381392,0.6006282239382197,0.21292726151971117,,0.8810680693586149,0.0,0.11893193064138503,False,456,24,4510,0,0,0.0,0.0
134,16,false-accept-claim,True,,aggregate-advisor,honest,0,96,0.10571590865712915,0.09442046037420139,0.11527745816007257,10.590924848670099,0.6024318987782536,0.10230560677777194,,0.8309520599949969,0.0,0.1690479400050031,False,456,24,4510,96,0,0.0,0.0
135,16,all-fail,False,all_failed,,,0,0,0.0,0.0,0.0,0.0,,,,0.0,0.0,0.0,True,456,24,0,0,0,,
136,17,honest,True,,noisy-search,honest,0,96,0.15461632737966852,0.09842444324366316,0.12018864062740071,10.16007779210255,0.3567800565579949,0.10941075838097453,,0.801953215660423,0.0,0.19804678433957695,False,456,24,4530,0,0,0.0,0.0
137,17,fast-worker,True,,noisy-search,honest,0,96,0.15461632737966854,0.09842444324366317,0.12018864062740073,10.16007779210255,0.3567800565579949,0.10941075838097454,1.0,0.801953215660423,0.0,0.198046784339577,False,456,24,4530,0,0,0.0,0.0
138,17,slow-worker,True,,noisy-search,honest,0,96,0.1546163273796686,0.0984244432436632,0.12018864062740076,10.160077792102546,0.3567800565579949,0.10941075838097454,1.0,0.8019532156604231,0.0,0.19804678433957698,False,456,24,4530,0,0,0.0,0.0
139,17,order-bias,True,,high-setup-star,honest,0,96,0.2440849740826339,0.10909514455959904,0.1391888009940216,9.166310783462015,0.3567800565579949,0.13717451091896585,,0.8035171980313757,0.0,0.1964828019686243,False,456,24,4530,0,0,0.0,0.0
140,17,timing-outliers,True,,warm-specialist,honest,0,95,0.1432617613903188,0.09802727626983132,0.11542503745459128,10.201242328180019,0.684960786146369,0.35956959681750184,,0.91817620613886,0.0,0.08182379386114003,False,456,24,4520,0,0,0.0,0.0
141,17,candidate-measurement-bias,True,,high-setup-star,honest,0,96,0.2819261419271031,0.1399180814277159,0.20500709254136665,7.147039108856116,0.41676244109998917,0.26201278650714993,,0.8406969803642723,0.0,0.15930301963572768,False,456,24,4530,0,0,0.0,0.0
142,17,false-accept-claim,True,,noisy-search,honest,0,96,0.15461632737966852,0.09842444324366316,0.12018864062740071,10.16007779210255,0.3567800565579949,0.10941075838097453,,0.801953215660423,0.0,0.19804678433957695,False,456,24,4530,96,0,0.0,0.0
143,17,all-fail,False,all_failed,,,0,0,0.0,0.0,0.0,0.0,,,,0.0,0.0,0.0,True,456,24,0,0,0,,
144,18,honest,True,,warm-specialist,honest,0,93,0.1654004882427681,0.1368372042004338,0.1808717003152324,7.30795404541618,0.09476225544736293,0.16119045649202543,,0.727426867185884,0.0,0.27257313281411605,False,456,24,4450,0,0,0.0,0.0
145,18,fast-worker,True,,warm-specialist,honest,0,93,0.16540048824276815,0.1368372042004338,0.18087170031523242,7.30795404541618,0.09476225544736293,0.16119045649202543,1.0,0.7274268671858839,0.0,0.272573132814116,False,456,24,4450,0,0,0.0,0.0
146,18,slow-worker,True,,warm-specialist,honest,0,93,0.16540048824276818,0.13683720420043383,0.18087170031523245,7.307954045416178,0.09476225544736293,0.16119045649202543,1.0,0.7274268671858839,0.0,0.27257313281411605,False,456,24,4450,0,0,0.0,0.0
147,18,order-bias,True,,warm-specialist,honest,0,93,0.29554705731550107,0.16118702162277318,0.2187550898131167,6.203973433669525,0.12003219023332637,0.19677992734692315,,0.7176754840919009,0.0,0.2823245159080993,False,456,24,4450,0,0,0.0,0.0
148,18,timing-outliers,True,,aggregate-advisor,honest,0,95,0.18402397345360755,0.1127381219771085,0.13848317120046344,8.870114052485727,0.5454684890867505,0.629424383953717,,0.9004573882717749,0.0,0.0995426117282251,False,456,24,4490,0,0,0.0,0.0
149,18,candidate-measurement-bias,True,,high-setup-star,honest,0,93,0.1058829291292978,0.20845054195027696,0.25,4.7973010319087415,0.1870842531030831,0.30955619763067826,,0.6642095756182841,0.0,0.3357904243817159,False,456,24,4450,0,0,0.0,0.0
150,18,false-accept-claim,True,,warm-specialist,honest,0,93,0.1654004882427681,0.1368372042004338,0.1808717003152324,7.30795404541618,0.09476225544736293,0.16119045649202543,,0.727426867185884,0.0,0.27257313281411605,False,456,24,4450,93,0,0.0,0.0
151,18,all-fail,False,all_failed,,,0,0,0.0,0.0,0.0,0.0,,,,0.0,0.0,0.0,True,456,24,0,0,0,,
152,19,honest,True,,aggregate-advisor,honest,0,94,0.1470757289220593,0.08959016105672184,0.11092961470911139,11.161939974266529,0.6264367816091954,0.07108529076281958,,0.8368424254093253,0.0,0.1631575745906747,False,456,24,4490,0,0,0.0,0.0
153,19,fast-worker,True,,aggregate-advisor,honest,0,94,0.14707572892205936,0.08959016105672185,0.11092961470911143,11.161939974266527,0.6264367816091954,0.0710852907628196,1.0,0.8368424254093253,0.0,0.1631575745906747,False,456,24,4490,0,0,0.0,0.0
154,19,slow-worker,True,,aggregate-advisor,honest,0,94,0.14707572892205933,0.08959016105672185,0.1109296147091114,11.161939974266527,0.6264367816091954,0.0710852907628196,1.0,0.8368424254093254,0.0,0.1631575745906747,False,456,24,4490,0,0,0.0,0.0
155,19,order-bias,True,,warm-specialist,honest,0,94,0.23485760441017334,0.09925822120695085,0.12280878632047401,10.074732227117243,0.6264367816091954,0.09488316472143554,,0.8414228581777972,0.0,0.15857714182220287,False,456,24,4490,0,0,0.0,0.0
156,19,timing-outliers,True,,warm-specialist,honest,0,96,0.11197916202838612,0.10527446848978204,0.12219715033390903,9.498979328468993,0.5148241919470454,0.15759972508262166,,0.8069674455147298,0.0,0.1930325544852703,False,456,24,4490,0,0,0.0,0.09908436349836294
157,19,candidate-measurement-bias,True,,aggregate-advisor,honest,0,94,0.2793588121624899,0.12549299914539563,0.1561653502729807,7.968572006486229,0.6452621536615599,0.2120580414221179,,0.8827129786336665,0.0,0.11728702136633352,False,456,24,4490,0,0,0.0,0.0
158,19,false-accept-claim,True,,aggregate-advisor,honest,0,94,0.1470757289220593,0.08959016105672184,0.11092961470911139,11.161939974266529,0.6264367816091954,0.07108529076281958,,0.8368424254093253,0.0,0.1631575745906747,False,456,24,4490,94,0,0.0,0.0
159,19,all-fail,False,all_failed,,,0,0,0.0,0.0,0.0,0.0,,,,0.0,0.0,0.0,True,456,24,0,0,0,,
160,20,honest,True,,aggregate-advisor,honest,0,95,0.17383225887828058,0.12222941819682516,0.15618595237818175,8.181336496175636,0.3399657253480341,0.12735511934564417,,0.8868190581647286,0.0,0.11318094183527137,False,456,24,4500,0,0,0.0,0.0
161,20,fast-worker,True,,aggregate-advisor,honest,0,95,0.17383225887828063,0.12222941819682517,0.15618595237818175,8.181336496175634,0.3399657253480341,0.12735511934564414,1.0,0.8868190581647286,0.0,0.11318094183527137,False,456,24,4500,0,0,0.0,0.0
162,20,slow-worker,True,,aggregate-advisor,honest,0,95,0.1738322588782807,0.12222941819682519,0.15618595237818178,8.181336496175634,0.3399657253480341,0.12735511934564417,1.0,0.8868190581647286,0.0,0.11318094183527139,False,456,24,4500,0,0,0.0,0.0
163,20,order-bias,True,,warm-specialist,honest,0,95,0.2810192491385157,0.13986005512360064,0.17603126873655595,7.15000433194635,0.3273744021869958,0.1555523474171588,,0.8857717485767556,0.0,0.1142282514232445,False,456,24,4500,0,0,0.0,0.0
164,20,timing-outliers,True,,aggregate-advisor,honest,0,95,0.06789716553115466,0.10142006736546787,0.11701006528014568,9.859981618790426,0.6213635553777984,0.42679647119260555,,0.8202928449577602,0.0,0.17970715504223977,False,456,24,4490,0,0,0.0,0.0
165,20,candidate-measurement-bias,True,,aggregate-advisor,honest,0,95,0.20972419751528326,0.19212674479280803,0.23373034637822782,5.204897428925957,0.40831113173114264,0.2930218632187553,,0.9163880436304223,0.0,0.0836119563695776,False,456,24,4500,0,0,0.0,0.0
166,20,false-accept-claim,True,,aggregate-advisor,honest,0,95,0.17383225887828058,0.12222941819682516,0.15618595237818175,8.181336496175636,0.3399657253480341,0.12735511934564417,,0.8868190581647286,0.0,0.11318094183527137,False,456,24,4500,95,0,0.0,0.0
167,20,all-fail,False,all_failed,,,0,0,0.0,0.0,0.0,0.0,,,,0.0,0.0,0.0,True,456,24,0,0,0,,
168,21,honest,True,,aggregate-advisor,honest,0,95,0.14664554172566585,0.09804174908261454,0.11944356533780708,10.199736432255543,0.6094142562359177,0.0732376599682934,,0.8247410838056757,0.0,0.17525891619432438,False,456,24,4510,0,0,0.0,0.08744532331936877
169,21,fast-worker,True,,aggregate-advisor,honest,0,95,0.14664554172566588,0.09804174908261455,0.11944356533780709,10.199736432255541,0.6094142562359177,0.07323765996829343,1.0,0.8247410838056756,0.0,0.17525891619432438,False,456,24,4510,0,0,0.0,0.08744532331936877
170,21,slow-worker,True,,aggregate-advisor,honest,0,95,0.14664554172566585,0.09804174908261454,0.11944356533780708,10.199736432255543,0.6094142562359177,0.07323765996829341,1.0,0.8247410838056757,0.0,0.17525891619432438,False,456,24,4510,0,0,0.0,0.08744532331936877
171,21,order-bias,True,,warm-specialist,honest,0,95,0.22407604863296166,0.10797902807202718,0.13025926469306515,9.261057613270534,0.597464957094037,0.09956895024532231,,0.8311726199098481,0.0,0.1688273800901518,False,456,24,4510,0,0,0.0,0.08449789621003782
172,21,timing-outliers,True,,timeout-prone,honest,0,95,0.10038963332438038,0.09443117126554104,0.10778132651137237,10.589723569010848,0.8185269912188307,0.2205417040466653,,0.8423192279310275,0.0,0.15768077206897246,False,456,24,4510,0,0,0.0,0.07669812652934035
173,21,candidate-measurement-bias,True,,aggregate-advisor,honest,0,95,0.1993474617428147,0.12573838275644791,0.15578463054136568,7.953021011388184,0.6254308859525953,0.1813135804168715,,0.8823463215064229,0.0,0.11765367849357722,False,456,24,4510,0,0,0.0,0.05766016215757251
174,21,false-accept-claim,True,,aggregate-advisor,honest,0,95,0.14664554172566585,0.09804174908261454,0.11944356533780708,10.199736432255543,0.6094142562359177,0.0732376599682934,,0.8247410838056757,0.0,0.17525891619432438,False,456,24,4510,95,0,0.0,0.08744532331936877
175,21,all-fail,False,all_failed,,,0,0,0.0,0.0,0.0,0.0,,,,0.0,0.0,0.0,True,456,24,0,0,0,,
176,22,honest,True,,aggregate-advisor,honest,0,96,0.1389544131667325,0.08220057356162579,0.10173546680267917,12.165365236171981,0.7592829692333948,0.06452352691261769,,0.8511881928889681,0.0,0.14881180711103192,False,456,24,4550,0,0,0.0,0.0
177,22,fast-worker,True,,aggregate-advisor,honest,0,96,0.13895441316673254,0.08220057356162579,0.10173546680267918,12.165365236171981,0.7592829692333948,0.0645235269126177,1.0,0.8511881928889681,0.0,0.14881180711103192,False,456,24,4550,0,0,0.0,0.0
178,22,slow-worker,True,,aggregate-advisor,honest,0,96,0.13895441316673257,0.08220057356162579,0.10173546680267917,12.165365236171981,0.7592829692333948,0.06452352691261769,1.0,0.8511881928889681,0.0,0.14881180711103192,False,456,24,4550,0,0,0.0,0.0
179,22,order-bias,True,,warm-specialist,honest,0,96,0.2183766978042893,0.08996661955111371,0.1113974872806367,11.115233683220243,0.7932807141244423,0.09000077865044483,,0.8563652253395474,0.0,0.14363477466045255,False,456,24,4550,0,0,0.0,0.0
180,22,timing-outliers,True,,covering-join,honest,0,96,0.09618654638487935,0.08612691919967623,0.09939740491713156,11.610771745841795,0.7326102321391599,0.13909922687315202,,0.9217950414733513,0.0,0.07820495852664867,False,456,24,4530,0,0,0.0,0.07820495852664867
181,22,candidate-measurement-bias,True,,aggregate-advisor,honest,0,96,0.26695698234185133,0.11188720670038546,0.14233144504315148,8.937572305990502,0.8246883274537258,0.20031782916594917,,0.8976385511894366,0.0,0.10236144881056349,False,456,24,4550,0,0,0.0,0.0
182,22,false-accept-claim,True,,aggregate-advisor,honest,0,96,0.1389544131667325,0.08220057356162579,0.10173546680267917,12.165365236171981,0.7592829692333948,0.06452352691261769,,0.8511881928889681,0.0,0.14881180711103192,False,456,24,4550,96,0,0.0,0.0
183,22,all-fail,False,all_failed,,,0,0,0.0,0.0,0.0,0.0,,,,0.0,0.0,0.0,True,456,24,0,0,0,,
184,23,honest,True,,aggregate-advisor,honest,0,95,0.14606824096105078,0.08956580267509985,0.11154175025671119,11.16497558367787,0.603448275862069,0.09304350392847288,,0.837421387314468,0.0,0.16257861268553198,False,456,24,4530,0,0,0.0,0.0
185,23,fast-worker,True,,aggregate-advisor,honest,0,95,0.14606824096105084,0.08956580267509985,0.11154175025671123,11.16497558367787,0.603448275862069,0.09304350392847288,1.0,0.8374213873144681,0.0,0.16257861268553195,False,456,24,4530,0,0,0.0,0.0
186,23,slow-worker,True,,aggregate-advisor,honest,0,95,0.14606824096105084,0.08956580267509985,0.11154175025671122,11.16497558367787,0.603448275862069,0.09304350392847292,1.0,0.837421387314468,0.0,0.16257861268553192,False,456,24,4530,0,0,0.0,0.0
187,23,order-bias,True,,warm-specialist,honest,0,95,0.2313463713583215,0.09874531276650575,0.12353825996947171,10.127062966164388,0.603448275862069,0.11225899083164725,,0.8402453721990859,0.0,0.15975462780091423,False,456,24,4530,0,0,0.0,0.0
188,23,timing-outliers,True,,noisy-search,honest,0,94,0.14323257858611302,0.09783789359826951,0.11781839597809254,10.220988649920068,0.46602266653334884,0.2898390383380817,,0.813628009399569,0.0,0.18637199060043108,False,456,24,4500,0,0,0.0,0.0
189,23,candidate-measurement-bias,True,,aggregate-advisor,honest,0,95,0.2896568960140095,0.12716133902745283,0.16114104248051944,7.864025399922143,0.6094142562359177,0.23758045686900883,,0.8842583536602735,0.0,0.11574164633972658,False,456,24,4530,0,0,0.0,0.0
190,23,false-accept-claim,True,,aggregate-advisor,honest,0,95,0.14606824096105078,0.08956580267509985,0.11154175025671119,11.16497558367787,0.603448275862069,0.09304350392847288,,0.837421387314468,0.0,0.16257861268553198,False,456,24,4530,95,0,0.0,0.0
191,23,all-fail,False,all_failed,,,0,0,0.0,0.0,0.0,0.0,,,,0.0,0.0,0.0,True,456,24,0,0,0,,
192,24,honest,True,,aggregate-advisor,honest,0,93,0.11717620664353978,0.08777076042991186,0.10629319743847208,11.39331589588467,0.7183908045977011,0.06580756238425894,,0.8429319239521809,0.0,0.15706807604781908,False,456,24,4510,0,0,0.0,0.0
193,24,fast-worker,True,,aggregate-advisor,honest,0,93,0.11717620664353977,0.08777076042991186,0.10629319743847208,11.39331589588467,0.7183908045977011,0.06580756238425896,1.0,0.842931923952181,0.0,0.15706807604781908,False,456,24,4510,0,0,0.0,0.0
194,24,slow-worker,True,,aggregate-advisor,honest,0,93,0.11717620664353974,0.08777076042991186,0.1062931974384721,11.39331589588467,0.7183908045977011,0.06580756238425896,1.0,0.8429319239521809,0.0,0.15706807604781908,False,456,24,4510,0,0,0.0,0.0
195,24,order-bias,True,,warm-specialist,honest,0,93,0.1761718386946989,0.09316948363861619,0.11349654549502498,10.733128068829691,0.7183908045977011,0.0883083495512438,,0.8541551396080664,0.0,0.14584486039193353,False,456,24,4510,0,0,0.0,0.0
196,24,timing-outliers,True,,warm-specialist,honest,0,96,0.13988736581760797,0.08919935200497951,0.10859167971456583,11.210843773216823,0.7068965517241379,0.1759299145955935,,0.8433639346093728,0.0,0.15663606539062724,False,456,24,4540,0,0,0.0,0.0
197,24,candidate-measurement-bias,True,,aggregate-advisor,honest,0,93,0.25941702105090614,0.11164045195348953,0.13605572787134695,8.957326690298688,0.7545020868193661,0.18610562470070893,,0.8979152760527079,0.0,0.10208472394729207,False,456,24,4510,0,0,0.0,0.0
198,24,false-accept-claim,True,,aggregate-advisor,honest,0,93,0.11717620664353978,0.08777076042991186,0.10629319743847208,11.39331589588467,0.7183908045977011,0.06580756238425894,,0.8429319239521809,0.0,0.15706807604781908,False,456,24,4510,93,0,0.0,0.0
199,24,all-fail,False,all_failed,,,0,0,0.0,0.0,0.0,0.0,,,,0.0,0.0,0.0,True,456,24,0,0,0,,
200,25,honest,True,,aggregate-advisor,honest,0,96,0.11567877748988753,0.08776622910055876,0.10722258945956828,11.3939041274548,0.7183908045977011,0.07564026203587115,,0.8421958843337477,0.0,0.15780411566625235,False,456,24,4540,0,0,0.0,0.0
201,25,fast-worker,True,,aggregate-advisor,honest,0,96,0.11567877748988757,0.08776622910055874,0.1072225894595683,11.393904127454801,0.7183908045977011,0.07564026203587115,1.0,0.8421958843337476,0.0,0.15780411566625235,False,456,24,4540,0,0,0.0,0.0
202,25,slow-worker,True,,aggregate-advisor,honest,0,96,0.1156787774898876,0.08776622910055876,0.1072225894595683,11.3939041274548,0.7183908045977011,0.07564026203587114,1.0,0.8421958843337477,0.0,0.15780411566625238,False,456,24,4540,0,0,0.0,0.0
203,25,order-bias,True,,warm-specialist,honest,0,96,0.1752315295318929,0.09302029711005885,0.11319608882790361,10.750341926094148,0.7183908045977011,0.09401428507807001,,0.8523301500492608,0.0,0.14766984995073926,False,456,24,4540,0,0,0.0,0.0
204,25,timing-outliers,True,,aggregate-advisor,honest,0,95,0.10619724659454477,0.10370581960254355,0.12896205030510582,9.642660400665436,0.4540733673914681,0.22856772378869583,,0.820519973924832,0.0,0.17948002607516794,False,456,24,4490,0,0,0.0,0.0
205,25,candidate-measurement-bias,True,,aggregate-advisor,honest,0,96,0.20095907991501577,0.1134847789587674,0.13880718193054867,8.81175439715428,0.7528058459384865,0.20084460023842432,,0.8981021787059363,0.0,0.1018978212940637,False,456,24,4540,0,0,0.0,0.0
206,25,false-accept-claim,True,,aggregate-advisor,honest,0,96,0.11567877748988753,0.08776622910055876,0.10722258945956828,11.3939041274548,0.7183908045977011,0.07564026203587115,,0.8421958843337477,0.0,0.15780411566625235,False,456,24,4540,96,0,0.0,0.0
207,25,all-fail,False,all_failed,,,0,0,0.0,0.0,0.0,0.0,,,,0.0,0.0,0.0,True,456,24,0,0,0,,
208,26,honest,True,,aggregate-advisor,honest,0,95,0.11417785912625358,0.09595896491702532,0.11676291667682982,10.42112116220396,0.6811100510872021,0.06372418665254125,,0.8300519269174872,0.0,0.1699480730825128,False,456,24,4510,0,0,0.0,0.0
209,26,fast-worker,True,,aggregate-advisor,honest,0,95,0.11417785912625367,0.09595896491702531,0.11676291667682988,10.421121162203962,0.6811100510872021,0.06372418665254125,1.0,0.8300519269174872,0.0,0.16994807308251275,False,456,24,4510,0,0,0.0,0.0
210,26,slow-worker,True,,aggregate-advisor,honest,0,95,0.11417785912625365,0.09595896491702531,0.11676291667682986,10.421121162203962,0.6811100510872021,0.06372418665254126,1.0,0.8300519269174872,0.0,0.1699480730825128,False,456,24,4510,0,0,0.0,0.0
211,26,order-bias,True,,warm-specialist,honest,0,95,0.1609976761374756,0.10081363423432332,0.1219163110201471,9.919293234441666,0.6691607519453214,0.08381141339553401,,0.8433464325977758,0.0,0.1566535674022243,False,456,24,4510,0,0,0.0,0.0
212,26,timing-outliers,True,,warm-specialist,honest,0,96,0.11447217430234681,0.09551358594891722,0.11378255676239718,10.46971475382384,0.6730484246481713,0.2139750269947215,,0.9186250810442986,0.0,0.08137491895570137,False,456,24,4520,0,0,0.0,0.0
213,26,candidate-measurement-bias,True,,aggregate-advisor,honest,0,95,0.20271077418631195,0.11312259849960288,0.14376569884438897,8.839966666815124,0.698689974785276,0.1629694817193725,,0.8990179397680823,0.0,0.10098206023191779,False,456,24,4510,0,0,0.0,0.0
214,26,false-accept-claim,True,,aggregate-advisor,honest,0,95,0.11417785912625358,0.09595896491702532,0.11676291667682982,10.42112116220396,0.6811100510872021,0.06372418665254125,,0.8300519269174872,0.0,0.1699480730825128,False,456,24,4510,95,0,0.0,0.0
215,26,all-fail,False,all_failed,,,0,0,0.0,0.0,0.0,0.0,,,,0.0,0.0,0.0,True,456,24,0,0,0,,
216,27,honest,True,,aggregate-advisor,honest,0,96,0.12125408466370653,0.08792666095772123,0.10728757040044243,11.373114697040997,0.7298850574712644,0.08330708797853276,,0.8426759905291038,0.0,0.1573240094708962,False,456,24,4540,0,0,0.0,0.0
217,27,fast-worker,True,,aggregate-advisor,honest,0,96,0.12125408466370659,0.08792666095772123,0.10728757040044243,11.373114697040997,0.7298850574712644,0.08330708797853276,1.0,0.8426759905291038,0.0,0.15732400947089617,False,456,24,4540,0,0,0.0,0.0
218,27,slow-worker,True,,aggregate-advisor,honest,0,96,0.12125408466370659,0.08792666095772121,0.10728757040044243,11.373114697040998,0.7298850574712644,0.08330708797853276,1.0,0.8426759905291038,0.0,0.15732400947089614,False,456,24,4540,0,0,0.0,0.0
219,27,order-bias,True,,warm-specialist,honest,0,96,0.175694104241106,0.09300287341313532,0.11501697606960751,10.752355957410284,0.7528735632183908,0.10547344428783238,,0.8511609592919209,0.0,0.1488390407080791,False,456,24,4540,0,0,0.0,0.0
220,27,timing-outliers,True,,aggregate-advisor,honest,0,93,0.14411679578951675,0.0976628711054425,0.12566130821671903,10.239305773842569,0.4421240682495874,0.29658966471661335,,0.820244398152388,0.0,0.17975560184761202,False,456,24,4490,0,0,0.0,0.08958988927612765
221,27,candidate-measurement-bias,True,,aggregate-advisor,honest,0,96,0.19557160600632378,0.11224538572294583,0.1437837263997319,8.909052194522188,0.8006030425060096,0.21042989646106505,,0.8931701419187347,0.0,0.10682985808126531,False,456,24,4540,0,0,0.0,0.0
222,27,false-accept-claim,True,,aggregate-advisor,honest,0,96,0.12125408466370653,0.08792666095772123,0.10728757040044243,11.373114697040997,0.7298850574712644,0.08330708797853276,,0.8426759905291038,0.0,0.1573240094708962,False,456,24,4540,96,0,0.0,0.0
223,27,all-fail,False,all_failed,,,0,0,0.0,0.0,0.0,0.0,,,,0.0,0.0,0.0,True,456,24,0,0,0,,
224,28,honest,True,,aggregate-advisor,honest,0,95,0.15694230543501098,0.08313660532201361,0.10515507384908256,12.028395868783585,0.6724137931034483,0.08964240500448334,,0.8474260939819336,0.0,0.15257390601806634,False,456,24,4530,0,0,0.0,0.0
225,28,fast-worker,True,,aggregate-advisor,honest,0,95,0.15694230543501103,0.0831366053220136,0.1051550738490826,12.028395868783587,0.6724137931034483,0.08964240500448334,1.0,0.8474260939819337,0.0,0.15257390601806636,False,456,24,4530,0,0,0.0,0.0
226,28,slow-worker,True,,aggregate-advisor,honest,0,95,0.156942305435011,0.0831366053220136,0.10515507384908254,12.028395868783587,0.6724137931034483,0.08964240500448332,1.0,0.8474260939819337,0.0,0.15257390601806636,False,456,24,4530,0,0,0.0,0.0
227,28,order-bias,True,,warm-specialist,honest,0,95,0.23187679191683452,0.09103561152416544,0.11425668236487169,10.984712281902446,0.6839080459770115,0.11702561276470029,,0.8531134049984931,0.0,0.14688659500150697,False,456,24,4530,0,0,0.0,0.0
228,28,timing-outliers,True,,warm-specialist,honest,0,96,0.15444265028188117,0.09831814558956746,0.12243326990490448,10.171062462615344,0.45036171073714104,0.27489791721753226,,0.8231287568089459,0.0,0.17687124319105405,False,456,24,4510,0,0,0.0,0.0
229,28,candidate-measurement-bias,True,,aggregate-advisor,honest,0,95,0.2065664482253741,0.11367077453816435,0.14433787128283745,8.797336026458193,0.7232054124970401,0.23648516657525986,,0.8977673722416731,0.0,0.10223262775832695,False,456,24,4530,0,0,0.0,0.0
230,28,false-accept-claim,True,,aggregate-advisor,honest,0,95,0.15694230543501098,0.08313660532201361,0.10515507384908256,12.028395868783585,0.6724137931034483,0.08964240500448334,,0.8474260939819336,0.0,0.15257390601806634,False,456,24,4530,95,0,0.0,0.0
231,28,all-fail,False,all_failed,,,0,0,0.0,0.0,0.0,0.0,,,,0.0,0.0,0.0,True,456,24,0,0,0,,
232,29,honest,True,,aggregate-advisor,honest,0,93,0.10800929680550464,0.09454479229810885,0.11500884120060986,10.576997163914683,0.6492227258678267,0.06824860172109469,,0.8323393259387868,0.0,0.16766067406121324,False,456,24,4500,0,0,0.0,0.0
233,29,fast-worker,True,,aggregate-advisor,honest,0,93,0.10800929680550464,0.09454479229810883,0.11500884120060985,10.576997163914685,0.6492227258678267,0.06824860172109472,1.0,0.8323393259387868,0.0,0.16766067406121327,False,456,24,4500,0,0,0.0,0.0
234,29,slow-worker,True,,aggregate-advisor,honest,0,93,0.10800929680550465,0.09454479229810885,0.11500884120060986,10.576997163914683,0.6492227258678267,0.06824860172109468,1.0,0.8323393259387868,0.0,0.16766067406121324,False,456,24,4500,0,0,0.0,0.0
235,29,order-bias,True,,warm-specialist,honest,0,93,0.1728181882442768,0.10046542300918897,0.12516301429856674,9.953673314136507,0.6609204326402199,0.08618590704016184,,0.8388765430130484,0.0,0.16112345698695169,False,456,24,4500,0,0,0.0,0.0
236,29,timing-outliers,True,,aggregate-advisor,honest,0,93,0.1801803416565346,0.10054192277766445,0.13015672729038283,9.946099819588408,0.6141296055506469,0.18437596428420588,,0.8279288323410819,0.0,0.17207116765891806,False,456,24,4500,0,0,0.0,0.0
237,29,candidate-measurement-bias,True,,aggregate-advisor,honest,0,93,0.280568598166932,0.12508906382880852,0.16414589414460865,7.994303973435733,0.6811100510872021,0.18861064748065506,,0.8759799310850374,0.0,0.12402006891496269,False,456,24,4500,0,0,0.0,0.0
238,29,false-accept-claim,True,,aggregate-advisor,honest,0,93,0.10800929680550464,0.09454479229810885,0.11500884120060986,10.576997163914683,0.6492227258678267,0.06824860172109469,,0.8323393259387868,0.0,0.16766067406121324,False,456,24,4500,93,0,0.0,0.0
239,29,all-fail,False,all_failed,,,0,0,0.0,0.0,0.0,0.0,,,,0.0,0.0,0.0,True,456,24,0,0,0,,
240,30,honest,True,,aggregate-advisor,honest,0,96,0.13843383176483004,0.08227184701943405,0.10046388369855509,12.154826179650282,0.6954022988505747,0.07248805405973945,,0.8511512971356838,0.0,0.14884870286431617,False,456,24,4530,0,0,0.0,0.0
241,30,fast-worker,True,,aggregate-advisor,honest,0,96,0.13843383176483004,0.08227184701943405,0.1004638836985551,12.154826179650282,0.6954022988505747,0.07248805405973946,1.0,0.8511512971356838,0.0,0.14884870286431617,False,456,24,4530,0,0,0.0,0.0
242,30,slow-worker,True,,aggregate-advisor,honest,0,96,0.13843383176483007,0.08227184701943405,0.1004638836985551,12.154826179650282,0.6954022988505747,0.07248805405973947,1.0,0.8511512971356838,0.0,0.1488487028643162,False,456,24,4530,0,0,0.0,0.0
243,30,order-bias,True,,warm-specialist,honest,0,96,0.22139486674562822,0.09029637764381251,0.11193731963799361,11.074641376475242,0.6839080459770115,0.09707518744175674,,0.8554774368780768,0.0,0.14452256312192324,False,456,24,4530,0,0,0.0,0.0
244,30,timing-outliers,True,,aggregate-advisor,honest,0,95,0.16819473355249118,0.09101336473822123,0.11878230302700682,10.987397322099532,0.6082807521644502,0.19015189592425055,,0.9141471445774269,0.0,0.08585285542257319,False,456,24,4520,0,0,0.0,0.0
245,30,candidate-measurement-bias,True,,aggregate-advisor,honest,0,96,0.2697105096001671,0.11216560487026761,0.14249613934971064,8.915389001437783,0.6930593502290829,0.20432431044013943,,0.8944300125036033,0.0,0.10556998749639679,False,456,24,4530,0,0,0.0,0.0
246,30,false-accept-claim,True,,aggregate-advisor,honest,0,96,0.13843383176483004,0.08227184701943405,0.10046388369855509,12.154826179650282,0.6954022988505747,0.07248805405973945,,0.8511512971356838,0.0,0.14884870286431617,False,456,24,4530,96,0,0.0,0.0
247,30,all-fail,False,all_failed,,,0,0,0.0,0.0,0.0,0.0,,,,0.0,0.0,0.0,True,456,24,0,0,0,,
248,31,honest,True,,aggregate-advisor,honest,0,94,0.16000168536077858,0.08360563844170146,0.10714796362047765,11.96091577839339,0.6346245712995539,0.08595401368219263,,0.8429862086995952,0.0,0.15701379130040483,False,456,24,4530,0,0,0.0,0.0
249,31,fast-worker,True,,aggregate-advisor,honest,0,94,0.16000168536077866,0.08360563844170148,0.10714796362047767,11.960915778393389,0.6346245712995539,0.08595401368219263,1.0,0.8429862086995952,0.0,0.1570137913004048,False,456,24,4530,0,0,0.0,0.0
250,31,slow-worker,True,,aggregate-advisor,honest,0,94,0.16000168536077863,0.08360563844170146,0.10714796362047767,11.96091577839339,0.6346245712995539,0.08595401368219265,1.0,0.8429862086995952,0.0,0.15701379130040483,False,456,24,4530,0,0,0.0,0.0
251,31,order-bias,True,,aggregate-advisor,honest,0,94,0.23357603756311576,0.09099935347519368,0.11196070508969935,10.989089062842615,0.645957152929903,0.10664106814003717,,0.8484024705032075,0.0,0.15159752949679245,False,456,24,4530,0,0,0.0,0.0
252,31,timing-outliers,True,,aggregate-advisor,honest,0,94,0.14187766922566689,0.09774228714778567,0.11908371118435349,10.230986292432537,0.6611360631499735,0.23755574050604875,,0.9254537193592971,0.0,0.07454628064070286,False,456,24,4510,0,0,0.0,0.0
253,31,candidate-measurement-bias,True,,aggregate-advisor,honest,0,94,0.27788772714703847,0.11299015890084367,0.15200045301907453,8.850328291666234,0.6726181394126133,0.21726601148037641,,0.8927418260255441,0.0,0.10725817397445594,False,456,24,4530,0,0,0.0,0.0
254,31,false-accept-claim,True,,aggregate-advisor,honest,0,94,0.16000168536077858,0.08360563844170146,0.10714796362047765,11.96091577839339,0.6346245712995539,0.08595401368219263,,0.8429862086995952,0.0,0.15701379130040483,False,456,24,4530,94,0,0.0,0.0
255,31,all-fail,False,all_failed,,,0,0,0.0,0.0,0.0,0.0,,,,0.0,0.0,0.0,True,456,24,0,0,0,,
256,32,honest,True,,aggregate-advisor,honest,0,94,0.14032507490234156,0.08923865326998845,0.11296973069040842,11.205906447002675,0.5804597701149425,0.09867825786582662,,0.8357696957464879,0.0,0.16423030425351215,False,456,24,4500,0,0,0.0,0.0
257,32,fast-worker,True,,aggregate-advisor,honest,0,94,0.14032507490234156,0.08923865326998846,0.1129697306904084,11.205906447002674,0.5804597701149425,0.09867825786582662,1.0,0.8357696957464879,0.0,0.16423030425351218,False,456,24,4500,0,0,0.0,0.0
258,32,slow-worker,True,,aggregate-advisor,honest,0,94,0.14032507490234158,0.08923865326998846,0.11296973069040844,11.205906447002674,0.5804597701149425,0.09867825786582664,1.0,0.8357696957464879,0.0,0.16423030425351218,False,456,24,4500,0,0,0.0,0.0
259,32,order-bias,True,,aggregate-advisor,honest,0,94,0.22599019410877827,0.09833635499722672,0.12043243527514587,10.16917903890379,0.5804597701149425,0.11866267477635783,,0.8379343138220554,0.0,0.16206568617794465,False,456,24,4500,0,0,0.0,0.0
260,32,timing-outliers,True,,warm-specialist,honest,0,96,0.12193933136809135,0.10517561783321419,0.12641264953427384,9.507907066310597,0.5332107702308685,0.31931886400974235,,0.9067247510751888,0.0,0.09327524892481119,False,456,24,4510,0,0,0.0,0.0
261,32,candidate-measurement-bias,True,,aggregate-advisor,honest,0,94,0.28163139750788097,0.12537904142294304,0.16549337010252663,7.975814686815835,0.5735663588102755,0.23198554489019815,,0.8781105341435661,0.0,0.12188946585643395,False,456,24,4500,0,0,0.0,0.0
262,32,false-accept-claim,True,,aggregate-advisor,honest,0,94,0.14032507490234156,0.08923865326998845,0.11296973069040842,11.205906447002675,0.5804597701149425,0.09867825786582662,,0.8357696957464879,0.0,0.16423030425351215,False,456,24,4500,94,0,0.0,0.0
263,32,all-fail,False,all_failed,,,0,0,0.0,0.0,0.0,0.0,,,,0.0,0.0,0.0,True,456,24,0,0,0,,
264,33,honest,True,,aggregate-advisor,honest,0,96,0.12753967176909004,0.10635181919215353,0.12650167146146107,9.402754062845203,0.6333128545196792,0.07847789692074596,,0.8130926074977934,0.0,0.18690739250220662,False,456,24,4510,0,0,0.0,0.0
265,33,fast-worker,True,,aggregate-advisor,honest,0,96,0.1275396717690901,0.10635181919215353,0.12650167146146107,9.402754062845203,0.6333128545196792,0.07847789692074596,1.0,0.8130926074977934,0.0,0.18690739250220662,False,456,24,4510,0,0,0.0,0.0
266,33,slow-worker,True,,aggregate-advisor,honest,0,96,0.1275396717690901,0.10635181919215352,0.12650167146146105,9.402754062845204,0.6333128545196792,0.07847789692074598,1.0,0.8130926074977933,0.0,0.18690739250220664,False,456,24,4510,0,0,0.0,0.0
267,33,order-bias,True,,warm-specialist,honest,0,96,0.1907834351982753,0.11360970091843207,0.13766686433102635,8.802065245449121,0.6094142562359177,0.10255798760328931,,0.8214012832023808,0.0,0.17859871679761913,False,456,24,4510,0,0,0.0,0.0
268,33,timing-outliers,True,,warm-specialist,honest,0,94,0.1541418318466286,0.09832626092337307,0.12236103455375913,10.17022299647205,0.4062761708239451,0.28215896661699913,,0.8194711990853277,0.0,0.18052880091467227,False,456,24,4490,0,0,0.0,0.0
269,33,candidate-measurement-bias,True,,aggregate-advisor,honest,0,96,0.26890252470233483,0.13707365609904987,0.1729039641946905,7.2953478331197115,0.6619168182176298,0.20296724232236327,,0.8705408341735421,0.0,0.12945916582645794,False,456,24,4510,0,0,0.0,0.0
270,33,false-accept-claim,True,,aggregate-advisor,honest,0,96,0.12753967176909004,0.10635181919215353,0.12650167146146107,9.402754062845203,0.6333128545196792,0.07847789692074596,,0.8130926074977934,0.0,0.18690739250220662,False,456,24,4510,96,0,0.0,0.0
271,33,all-fail,False,all_failed,,,0,0,0.0,0.0,0.0,0.0,,,,0.0,0.0,0.0,True,456,24,0,0,0,,
272,34,honest,True,,aggregate-advisor,honest,0,94,0.11850117550775376,0.08799763924674638,0.10661623430176664,11.363941221150135,0.7413793103448276,0.06571467278921235,,0.8443530601830167,0.0,0.1556469398169833,False,456,24,4510,0,0,0.0,0.0
273,34,fast-worker,True,,aggregate-advisor,honest,0,94,0.11850117550775374,0.08799763924674638,0.10661623430176664,11.363941221150135,0.7413793103448276,0.06571467278921236,1.0,0.8443530601830167,0.0,0.1556469398169833,False,456,24,4510,0,0,0.0,0.0
274,34,slow-worker,True,,aggregate-advisor,honest,0,94,0.11850117550775381,0.08799763924674639,0.10661623430176666,11.363941221150133,0.7413793103448276,0.06571467278921235,1.0,0.8443530601830168,0.0,0.15564693981698327,False,456,24,4510,0,0,0.0,0.0
275,34,order-bias,True,,warm-specialist,honest,0,94,0.17641524377395043,0.09318369104369857,0.11271137285938954,10.73149162476349,0.7068965517241379,0.08144333420214907,,0.8530401671676506,0.0,0.14695983283234942,False,456,24,4510,0,0,0.0,0.0
276,34,timing-outliers,True,,aggregate-advisor,honest,0,95,0.15180537020679188,0.09802891134094102,0.13037135053930074,10.20107217677891,0.48992126481711035,0.17706409902789857,,0.8321949141965976,0.0,0.16780508580340242,False,456,24,4500,0,0,0.0,0.0898075521509801
277,34,candidate-measurement-bias,True,,aggregate-advisor,honest,0,94,0.2706702623894754,0.11246645318516993,0.14271958391655637,8.891540292050948,0.7194089665021863,0.1704190772949757,,0.8948873889958862,0.0,0.10511261100411387,False,456,24,4510,0,0,0.0,0.0
278,34,false-accept-claim,True,,aggregate-advisor,honest,0,94,0.11850117550775376,0.08799763924674638,0.10661623430176664,11.363941221150135,0.7413793103448276,0.06571467278921235,,0.8443530601830167,0.0,0.1556469398169833,False,456,24,4510,94,0,0.0,0.0
279,34,all-fail,False,all_failed,,,0,0,0.0,0.0,0.0,0.0,,,,0.0,0.0,0.0,True,456,24,0,0,0,,
280,35,honest,True,,aggregate-advisor,honest,0,95,0.1406482318216192,0.08931642692826303,0.11243233304025894,11.196148730884385,0.5804597701149425,0.09683375007789752,,0.8342390377355325,0.0,0.1657609622644675,False,456,24,4530,0,0,0.0,0.0
281,35,fast-worker,True,,aggregate-advisor,honest,0,95,0.1406482318216192,0.08931642692826303,0.11243233304025896,11.196148730884385,0.5804597701149425,0.09683375007789753,1.0,0.8342390377355325,0.0,0.1657609622644675,False,456,24,4530,0,0,0.0,0.0
282,35,slow-worker,True,,aggregate-advisor,honest,0,95,0.14064823182161926,0.08931642692826303,0.11243233304025894,11.196148730884385,0.5804597701149425,0.09683375007789752,1.0,0.8342390377355325,0.0,0.1657609622644675,False,456,24,4530,0,0,0.0,0.0
283,35,order-bias,True,,aggregate-advisor,honest,0,95,0.2255881133860879,0.0983236939255393,0.11981361829254883,10.170488516809607,0.5804597701149425,0.12249264893917546,,0.8379807503288371,0.0,0.1620192496711629,False,456,24,4530,0,0,0.0,0.0
284,35,timing-outliers,True,,warm-specialist,honest,0,96,0.14939140594918515,0.10761196661701236,0.13578541929508142,9.29264682578443,0.40929818437405785,0.3235913509719097,,0.9001612457759033,0.0,0.09983875422409685,False,456,24,4510,0,0,0.0,0.0
285,35,candidate-measurement-bias,True,,aggregate-advisor,honest,0,95,0.28141639737174456,0.12538570587783404,0.16586949679297916,7.975390759249074,0.5735663588102755,0.2386575956766304,,0.8767908253317956,0.0,0.12320917466820433,False,456,24,4530,0,0,0.0,0.0
286,35,false-accept-claim,True,,aggregate-advisor,honest,0,95,0.1406482318216192,0.08931642692826303,0.11243233304025894,11.196148730884385,0.5804597701149425,0.09683375007789752,,0.8342390377355325,0.0,0.1657609622644675,False,456,24,4530,95,0,0.0,0.0
287,35,all-fail,False,all_failed,,,0,0,0.0,0.0,0.0,0.0,,,,0.0,0.0,0.0,True,456,24,0,0,0,,
288,36,honest,True,,aggregate-advisor,honest,0,95,0.16392992402548015,0.0837701727573275,0.10592222603627022,11.93742315533817,0.6686223161906014,0.06226423045220366,,0.8453729324463441,0.0,0.15462706755365593,False,456,24,4540,0,0,0.0,0.0
289,36,fast-worker,True,,aggregate-advisor,honest,0,95,0.16392992402548012,0.08377017275732748,0.10592222603627018,11.937423155338172,0.6686223161906014,0.06226423045220369,1.0,0.845372932446344,0.0,0.1546270675536559,False,456,24,4540,0,0,0.0,0.0
290,36,slow-worker,True,,aggregate-advisor,honest,0,95,0.16392992402548018,0.0837701727573275,0.10592222603627022,11.93742315533817,0.6686223161906014,0.06226423045220366,1.0,0.845372932446344,0.0,0.15462706755365593,False,456,24,4540,0,0,0.0,0.0
291,36,order-bias,True,,warm-specialist,honest,0,95,0.2397484563463871,0.09167625493569212,0.11596637621249972,10.907949945179013,0.6799548978209505,0.09483901891984325,,0.8503591386449065,0.0,0.1496408613550936,False,456,24,4540,0,0,0.0,0.0
292,36,timing-outliers,True,,aggregate-advisor,honest,0,95,0.143683956646046,0.08246376797122461,0.10199067491976484,12.126537806869871,0.6839080459770115,0.12812158447576472,,0.8527072483650887,0.0,0.1472927516349113,False,456,24,4520,0,0,0.0,0.07154946061931457
293,36,candidate-measurement-bias,True,,aggregate-advisor,honest,0,95,0.28078827164029135,0.11399217022906026,0.14502751064839478,8.772532341392935,0.7311066732745797,0.2180610928662067,,0.895280248278502,0.0,0.10471975172149801,False,456,24,4540,0,0,0.0,0.0
294,36,false-accept-claim,True,,aggregate-advisor,honest,0,95,0.16392992402548015,0.0837701727573275,0.10592222603627022,11.93742315533817,0.6686223161906014,0.06226423045220366,,0.8453729324463441,0.0,0.15462706755365593,False,456,24,4540,95,0,0.0,0.0
295,36,all-fail,False,all_failed,,,0,0,0.0,0.0,0.0,0.0,,,,0.0,0.0,0.0,True,456,24,0,0,0,,
296,37,honest,True,,aggregate-advisor,honest,0,96,0.14520134689520756,0.0896366349340726,0.10922948869157087,11.156152846829826,0.6997828094574492,0.08108717215164184,,0.9200451848247221,0.0,0.07995481517527792,False,456,24,4530,0,0,0.0,0.0
297,37,fast-worker,True,,aggregate-advisor,honest,0,96,0.14520134689520758,0.0896366349340726,0.10922948869157088,11.156152846829826,0.6997828094574492,0.08108717215164184,1.0,0.9200451848247221,0.0,0.07995481517527792,False,456,24,4530,0,0,0.0,0.0
298,37,slow-worker,True,,aggregate-advisor,honest,0,96,0.14520134689520756,0.08963663493407262,0.10922948869157087,11.156152846829825,0.6997828094574492,0.08108717215164185,1.0,0.9200451848247221,0.0,0.07995481517527792,False,456,24,4530,0,0,0.0,0.0
299,37,order-bias,True,,warm-specialist,honest,0,96,0.2271852361215917,0.09870156162529012,0.11995473914512159,10.131551958583925,0.6647936689845768,0.10797583905784276,,0.9226172113007978,0.0,0.07738278869920229,False,456,24,4530,0,0,0.0,0.0
300,37,timing-outliers,True,,warm-specialist,honest,0,94,0.16889467974540506,0.0913834925046659,0.11980158517976203,10.942895402568922,0.5,0.24535827572992797,,0.8380687058129124,0.0,0.16193129418708757,False,456,24,4520,0,0,0.0,0.0
301,37,candidate-measurement-bias,True,,aggregate-advisor,honest,0,96,0.18438255723011565,0.12333819369845336,0.15252607267173587,8.107788593409081,0.6673401275350299,0.220818473740387,,0.9471284272698841,0.0,0.0528715727301159,False,456,24,4530,0,0,0.0,0.0
302,37,false-accept-claim,True,,aggregate-advisor,honest,0,96,0.14520134689520756,0.0896366349340726,0.10922948869157087,11.156152846829826,0.6997828094574492,0.08108717215164184,,0.9200451848247221,0.0,0.07995481517527792,False,456,24,4530,96,0,0.0,0.0
303,37,all-fail,False,all_failed,,,0,0,0.0,0.0,0.0,0.0,,,,0.0,0.0,0.0,True,456,24,0,0,0,,
304,38,honest,True,,warm-specialist,honest,0,95,0.1422193807502199,0.09756077796380755,0.12197476089577457,10.250020765219537,0.39432687168206443,0.07692465611154685,,0.8162062064514718,0.0,0.1837937935485282,False,456,24,4500,0,0,0.0,0.09211192682064359
305,38,fast-worker,True,,warm-specialist,honest,0,95,0.14221938075021995,0.09756077796380755,0.1219747608957746,10.250020765219537,0.39432687168206443,0.07692465611154685,1.0,0.8162062064514718,0.0,0.18379379354852823,False,456,24,4500,0,0,0.0,0.0921119268206436
306,38,slow-worker,True,,warm-specialist,honest,0,95,0.14221938075021992,0.09756077796380755,0.1219747608957746,10.250020765219537,0.39432687168206443,0.07692465611154686,1.0,0.8162062064514718,0.0,0.18379379354852823,False,456,24,4500,0,0,0.0,0.0921119268206436
307,38,order-bias,True,,warm-specialist,honest,0,95,0.24107202296807487,0.10893888652390275,0.14061905718770526,9.17945861123324,0.4062761708239451,0.10298505258421949,,0.8176659106154447,0.0,0.1823340893845552,False,456,24,4500,0,0,0.0,0.09131527265357915
308,38,timing-outliers,True,,warm-specialist,honest,0,96,0.13833126006629995,0.10726616461055948,0.12748786570466528,9.322604230612699,0.47805103537939936,0.18681140508229485,,0.813120579752793,0.0,0.18687942024720708,False,456,24,4500,0,0,0.0,0.09365010784783988
309,38,candidate-measurement-bias,True,,warm-specialist,honest,0,95,0.2936418258113548,0.1419615321530719,0.18888888296972334,7.044161786882779,0.43590637505786944,0.2279891382150613,,0.855281130845265,0.0,0.14471886915473497,False,456,24,4500,0,0,0.0,0.07031806641712104
310,38,false-accept-claim,True,,warm-specialist,honest,0,95,0.1422193807502199,0.09756077796380755,0.12197476089577457,10.250020765219537,0.39432687168206443,0.07692465611154685,,0.8162062064514718,0.0,0.1837937935485282,False,456,24,4500,95,0,0.0,0.09211192682064359
311,38,all-fail,False,all_failed,,,0,0,0.0,0.0,0.0,0.0,,,,0.0,0.0,0.0,True,456,24,0,0,0,,
312,39,honest,True,,aggregate-advisor,honest,0,96,0.1380095276434786,0.10700488009551433,0.12833276611072095,9.345368165520894,0.6680456776455709,0.06770439428401641,,0.8109646198615688,0.0,0.18903538013843119,False,456,24,4500,0,0,0.0,0.09483350887267675
313,39,fast-worker,True,,aggregate-advisor,honest,0,96,0.13800952764347868,0.10700488009551434,0.12833276611072097,9.345368165520894,0.6680456776455709,0.06770439428401641,1.0,0.8109646198615689,0.0,0.18903538013843119,False,456,24,4500,0,0,0.0,0.09483350887267675
314,39,slow-worker,True,,aggregate-advisor,honest,0,96,0.13800952764347862,0.10700488009551432,0.12833276611072095,9.345368165520895,0.6680456776455709,0.06770439428401641,1.0,0.8109646198615688,0.0,0.18903538013843113,False,456,24,4500,0,0,0.0,0.09483350887267675
315,39,order-bias,True,,warm-specialist,honest,0,96,0.16884273358477564,0.11200165871804066,0.13217796762632766,8.928439198543094,0.6557879587896889,0.09089065277464241,,0.8276464615157141,0.0,0.172353538484286,False,456,24,4500,0,0,0.0,0.08591615984515301
316,39,timing-outliers,True,,warm-specialist,honest,0,93,0.14694084905484656,0.09764821643445327,0.12257434380943946,10.240842449705712,0.532245658143894,0.2562259594030461,,0.818902424150995,0.0,0.181097575849005,False,456,24,4480,0,0,0.0,0.0
317,39,candidate-measurement-bias,True,,aggregate-advisor,honest,0,96,0.1664830505803364,0.12131393197888381,0.1474895177241947,8.24307632015474,0.6949232066139948,0.15350179965277927,,0.8879383302861575,0.0,0.1120616697138424,False,456,24,4500,0,0,0.0,0.05577073208813164
318,39,false-accept-claim,True,,aggregate-advisor,honest,0,96,0.1380095276434786,0.10700488009551433,0.12833276611072095,9.345368165520894,0.6680456776455709,0.06770439428401641,,0.8109646198615688,0.0,0.18903538013843119,False,456,24,4500,96,0,0.0,0.09483350887267675
319,39,all-fail,False,all_failed,,,0,0,0.0,0.0,0.0,0.0,,,,0.0,0.0,0.0,True,456,24,0,0,0,,
320,40,honest,True,,aggregate-advisor,honest,0,96,0.16217975725043934,0.10886463307570407,0.13531636959858026,9.185719657040535,0.4540733673914681,0.09744423636164358,,0.8019305016067555,0.0,0.1980694983932445,False,456,24,4520,0,0,0.0,0.0
321,40,fast-worker,True,,aggregate-advisor,honest,0,96,0.16217975725043945,0.10886463307570408,0.13531636959858034,9.185719657040533,0.4540733673914681,0.09744423636164357,1.0,0.8019305016067555,0.0,0.19806949839324448,False,456,24,4520,0,0,0.0,0.0
322,40,slow-worker,True,,aggregate-advisor,honest,0,96,0.16217975725043937,0.10886463307570407,0.13531636959858032,9.185719657040535,0.4540733673914681,0.09744423636164358,1.0,0.8019305016067555,0.0,0.1980694983932445,False,456,24,4520,0,0,0.0,0.0
323,40,order-bias,True,,warm-specialist,honest,0,96,0.25892152437417,0.12271272357233036,0.15121289865861676,8.149114214799182,0.46602266653334884,0.13026618027294448,,0.803761025788677,0.0,0.19623897421132297,False,456,24,4520,0,0,0.0,0.0
324,40,timing-outliers,True,,warm-specialist,honest,0,94,0.15491268500824973,0.09037930942299745,0.11092101313130971,11.064479319262704,0.7183908045977011,0.2851779264893561,,0.8464972137258299,0.0,0.15350278627417008,False,456,24,4520,0,0,0.0,0.0
325,40,candidate-measurement-bias,True,,aggregate-advisor,honest,0,96,0.1896778439183657,0.1606881189878564,0.19172177517844413,6.223235459465254,0.5173686010408252,0.24698970803803386,,0.8589644338946126,0.0,0.14103556610538737,False,456,24,4520,0,0,0.0,0.0
326,40,false-accept-claim,True,,aggregate-advisor,honest,0,96,0.16217975725043934,0.10886463307570407,0.13531636959858026,9.185719657040535,0.4540733673914681,0.09744423636164358,,0.8019305016067555,0.0,0.1980694983932445,False,456,24,4520,96,0,0.0,0.0
327,40,all-fail,False,all_failed,,,0,0,0.0,0.0,0.0,0.0,,,,0.0,0.0,0.0,True,456,24,0,0,0,,
328,41,honest,True,,warm-specialist,honest,0,96,0.10412109835592294,0.10381620522202734,0.1253384111396069,9.63240755969978,0.4779719656752296,0.09104295331709396,,0.8109042418104172,0.0,0.1890957581895827,False,456,24,4500,0,0,0.0,0.0
329,41,fast-worker,True,,warm-specialist,honest,0,96,0.10412109835592298,0.10381620522202732,0.1253384111396069,9.632407559699782,0.4779719656752296,0.09104295331709396,1.0,0.8109042418104172,0.0,0.18909575818958282,False,456,24,4500,0,0,0.0,0.0
330,41,slow-worker,True,,warm-specialist,honest,0,96,0.10412109835592301,0.10381620522202731,0.1253384111396069,9.632407559699784,0.4779719656752296,0.09104295331709394,1.0,0.8109042418104172,0.0,0.18909575818958274,False,456,24,4500,0,0,0.0,0.0
331,41,order-bias,True,,warm-specialist,honest,0,96,0.1769058834637046,0.11091874906164043,0.1387155521430124,9.015608348091575,0.4779719656752296,0.11290385545688575,,0.8175074723015192,0.0,0.18249252769848082,False,456,24,4500,0,0,0.0,0.0
332,41,timing-outliers,True,,aggregate-advisor,honest,0,95,0.19622465157726926,0.11203408982792115,0.15180693282107074,8.925854635280661,0.3187006902529329,0.2982198421753017,,0.8191395010854093,0.0,0.18086049891459058,False,456,24,4490,0,0,0.0,0.07226834488520326
333,41,candidate-measurement-bias,True,,warm-specialist,honest,0,96,0.20941126075284083,0.14302004172853966,0.1827709031949623,6.992027046797106,0.48644624462979635,0.24030587956937954,,0.8610576434835967,0.0,0.13894235651640338,False,456,24,4500,0,0,0.0,0.0
334,41,false-accept-claim,True,,warm-specialist,honest,0,96,0.10412109835592294,0.10381620522202734,0.1253384111396069,9.63240755969978,0.4779719656752296,0.09104295331709396,,0.8109042418104172,0.0,0.1890957581895827,False,456,24,4500,96,0,0.0,0.0
335,41,all-fail,False,all_failed,,,0,0,0.0,0.0,0.0,0.0,,,,0.0,0.0,0.0,True,456,24,0,0,0,,
336,42,honest,True,,aggregate-advisor,honest,0,95,0.07543372037983259,0.11310970846175998,0.13363382268608914,8.840974073751406,0.5148241919470454,0.07576518567506284,,0.8020243711890653,0.0,0.19797562881093467,False,456,24,4480,0,0,0.0,0.0
337,42,fast-worker,True,,aggregate-advisor,honest,0,95,0.07543372037983259,0.11310970846175998,0.13363382268608912,8.840974073751406,0.5148241919470454,0.07576518567506284,1.0,0.8020243711890653,0.0,0.1979756288109346,False,456,24,4480,0,0,0.0,0.0
338,42,slow-worker,True,,aggregate-advisor,honest,0,95,0.07543372037983259,0.11310970846175998,0.13363382268608912,8.840974073751406,0.5148241919470454,0.07576518567506284,1.0,0.8020243711890653,0.0,0.19797562881093464,False,456,24,4480,0,0,0.0,0.0
339,42,order-bias,True,,warm-specialist,honest,0,95,0.1194442772820572,0.11624097033123466,0.14245451601234818,8.602818757882424,0.5025664730911634,0.091105577686507,,0.8154749918370101,0.0,0.18452500816298995,False,456,24,4480,0,0,0.0,0.0
340,42,timing-outliers,True,,warm-specialist,honest,0,95,0.17470983373723625,0.10986395348248319,0.13773082900872924,9.102166527799683,0.4826053218738891,0.25508646608637414,,0.9002563489331251,0.0,0.09974365106687488,False,456,24,4510,0,0,0.0,0.0
341,42,candidate-measurement-bias,True,,aggregate-advisor,honest,0,95,0.29441260941542746,0.14311230362213112,0.17678985868861777,6.9875194144059485,0.5270819108029274,0.20506931568442952,,0.8651511365050262,0.0,0.13484886349497383,False,456,24,4480,0,0,0.0,0.0
342,42,false-accept-claim,True,,aggregate-advisor,honest,0,95,0.07543372037983259,0.11310970846175998,0.13363382268608914,8.840974073751406,0.5148241919470454,0.07576518567506284,,0.8020243711890653,0.0,0.19797562881093467,False,456,24,4480,95,0,0.0,0.0
343,42,all-fail,False,all_failed,,,0,0,0.0,0.0,0.0,0.0,,,,0.0,0.0,0.0,True,456,24,0,0,0,,
344,43,honest,True,,aggregate-advisor,honest,0,96,0.1452649312336516,0.08966739767213505,0.1101469839327753,11.152325437796875,0.64337387248163,0.06836628265838021,,0.8389527426968396,0.0,0.16104725730316038,False,456,24,4510,0,0,0.0,0.0
345,43,fast-worker,True,,aggregate-advisor,honest,0,96,0.14526493123365167,0.08966739767213504,0.1101469839327753,11.152325437796877,0.64337387248163,0.06836628265838023,1.0,0.8389527426968395,0.0,0.16104725730316038,False,456,24,4510,0,0,0.0,0.0
346,43,slow-worker,True,,aggregate-advisor,honest,0,96,0.1452649312336516,0.08966739767213504,0.11014698393277526,11.152325437796877,0.64337387248163,0.06836628265838023,1.0,0.8389527426968396,0.0,0.16104725730316038,False,456,24,4510,0,0,0.0,0.0
347,43,order-bias,True,,warm-specialist,honest,0,96,0.2272359621834209,0.09864061407426797,0.1204163215534775,10.137811989360541,0.64337387248163,0.09261569312406011,,0.8436124298771079,0.0,0.156387570122892,False,456,24,4510,0,0,0.0,0.0
348,43,timing-outliers,True,,covering-join,honest,0,95,0.10270836257169291,0.0941191490360731,0.11095965314289959,10.624830443555428,0.5138198631008718,0.168427530844415,,0.8376051402551221,0.0,0.16239485974487794,False,456,24,4500,0,0,0.0,0.08683561821400261
349,43,candidate-measurement-bias,True,,aggregate-advisor,honest,0,96,0.17782487044942183,0.12237986491782775,0.15182150330342464,8.171278834728673,0.6696532718280314,0.1988171132316475,,0.8868391262221152,0.0,0.1131608737778847,False,456,24,4510,0,0,0.0,0.0
350,43,false-accept-claim,True,,aggregate-advisor,honest,0,96,0.1452649312336516,0.08966739767213505,0.1101469839327753,11.152325437796875,0.64337387248163,0.06836628265838021,,0.8389527426968396,0.0,0.16104725730316038,False,456,24,4510,96,0,0.0,0.0
351,43,all-fail,False,all_failed,,,0,0,0.0,0.0,0.0,0.0,,,,0.0,0.0,0.0,True,456,24,0,0,0,,
352,44,honest,True,,aggregate-advisor,honest,0,96,0.09806704165587045,0.09416025292939524,0.11461613612976004,10.620192372994538,0.6960135529573999,0.09391430481068758,,0.8312079015043263,0.0,0.16879209849567375,False,456,24,4530,0,0,0.0,0.0
353,44,fast-worker,True,,aggregate-advisor,honest,0,96,0.09806704165587043,0.09416025292939526,0.11461613612976007,10.620192372994538,0.6960135529573999,0.09391430481068759,1.0,0.8312079015043262,0.0,0.16879209849567373,False,456,24,4530,0,0,0.0,0.0
354,44,slow-worker,True,,aggregate-advisor,honest,0,96,0.09806704165587048,0.09416025292939524,0.11461613612976006,10.620192372994538,0.6960135529573999,0.09391430481068758,1.0,0.8312079015043263,0.0,0.16879209849567373,False,456,24,4530,0,0,0.0,0.0
355,44,order-bias,True,,aggregate-advisor,honest,0,96,0.16694940107494108,0.10043434368661876,0.11770856174104385,9.956753469911247,0.7077112597297931,0.11036504289939886,,0.8421743747244982,0.0,0.15782562527550176,False,456,24,4530,0,0,0.0,0.0
356,44,timing-outliers,True,,aggregate-advisor,honest,0,96,0.1183600524405759,0.11740947240648807,0.13735168601591827,8.517200354481279,0.5761127862264556,0.319885620513707,,0.7961955362147769,0.0,0.20380446378522304,False,456,24,4490,0,0,0.0,0.0
357,44,candidate-measurement-bias,True,,timeout-prone,honest,0,96,0.2646403394375662,0.12272368389303392,0.15876968756033286,8.148386426140865,0.7169579485128443,0.19732538099235644,,0.8875329950000614,0.0,0.11246700499993864,False,456,24,4530,0,0,0.0,0.0
358,44,false-accept-claim,True,,aggregate-advisor,honest,0,96,0.09806704165587045,0.09416025292939524,0.11461613612976004,10.620192372994538,0.6960135529573999,0.09391430481068758,,0.8312079015043263,0.0,0.16879209849567375,False,456,24,4530,96,0,0.0,0.0
359,44,all-fail,False,all_failed,,,0,0,0.0,0.0,0.0,0.0,,,,0.0,0.0,0.0,True,456,24,0,0,0,,
360,45,honest,True,,aggregate-advisor,honest,0,95,0.10260058585469216,0.0863480731101668,0.10572974057396357,11.581034341370357,0.7183908045977011,0.09144461666143466,,0.8463859234584526,0.0,0.1536140765415474,False,456,24,4530,0,0,0.0,0.0
361,45,fast-worker,True,,aggregate-advisor,honest,0,95,0.10260058585469219,0.0863480731101668,0.10572974057396357,11.581034341370357,0.7183908045977011,0.09144461666143466,1.0,0.8463859234584526,0.0,0.1536140765415474,False,456,24,4530,0,0,0.0,0.0
362,45,slow-worker,True,,aggregate-advisor,honest,0,95,0.10260058585469217,0.08634807311016679,0.10572974057396357,11.581034341370358,0.7183908045977011,0.09144461666143466,1.0,0.8463859234584526,0.0,0.15361407654154738,False,456,24,4530,0,0,0.0,0.0
363,45,order-bias,True,,warm-specialist,honest,0,95,0.16590733486628387,0.09162668377096445,0.11184929201043382,10.91385128048135,0.7298850574712644,0.10798645806695323,,0.85684898845046,0.0,0.14315101154953996,False,456,24,4530,0,0,0.0,0.0
364,45,timing-outliers,True,,covering-join,honest,0,95,0.12295541579462654,0.10647983366728855,0.12261345664499657,9.391449681680033,0.5515973485146916,0.2954122768846079,,0.8033540940954472,0.0,0.19664590590455283,False,456,24,4500,0,0,0.0,0.09944438441305405
365,45,candidate-measurement-bias,True,,aggregate-advisor,honest,0,95,0.26114337341283506,0.1119216478929537,0.13554775831929297,8.93482198328995,0.7778975003641527,0.2021223439579808,,0.9014263270062295,0.0,0.09857367299377047,False,456,24,4530,0,0,0.0,0.0
366,45,false-accept-claim,True,,aggregate-advisor,honest,0,95,0.10260058585469216,0.0863480731101668,0.10572974057396357,11.581034341370357,0.7183908045977011,0.09144461666143466,,0.8463859234584526,0.0,0.1536140765415474,False,456,24,4530,95,0,0.0,0.0
367,45,all-fail,False,all_failed,,,0,0,0.0,0.0,0.0,0.0,,,,0.0,0.0,0.0,True,456,24,0,0,0,,
368,46,honest,True,,aggregate-advisor,honest,0,96,0.14658256627479002,0.08964557267248835,0.11014075094448908,11.15504056907981,0.6264367816091954,0.09413217311522742,,0.837230450976964,0.0,0.16276954902303598,False,456,24,4540,0,0,0.0,0.0
369,46,fast-worker,True,,aggregate-advisor,honest,0,96,0.14658256627479013,0.08964557267248835,0.11014075094448914,11.15504056907981,0.6264367816091954,0.09413217311522742,1.0,0.837230450976964,0.0,0.16276954902303598,False,456,24,4540,0,0,0.0,0.0
370,46,slow-worker,True,,aggregate-advisor,honest,0,96,0.14658256627479008,0.08964557267248836,0.11014075094448915,11.155040569079809,0.6264367816091954,0.09413217311522742,1.0,0.837230450976964,0.0,0.16276954902303598,False,456,24,4540,0,0,0.0,0.0
371,46,order-bias,True,,warm-specialist,honest,0,96,0.23254564130090857,0.09907987962886705,0.12292756663464253,10.092866520889967,0.6149425287356322,0.11907585121496965,,0.8411327978256021,0.0,0.15886720217439787,False,456,24,4540,0,0,0.0,0.0
372,46,timing-outliers,True,,warm-specialist,honest,0,96,0.1425984284946937,0.09783150835961513,0.11949093396766822,10.221655750457593,0.5790364852334671,0.2953448763989082,,0.8209922331425031,0.0,0.17900776685749684,False,456,24,4530,0,0,0.0,0.0
373,46,candidate-measurement-bias,True,,warm-specialist,honest,0,96,0.27593262651122685,0.1251223956447671,0.15540154582959387,7.992174341347198,0.6213635553777984,0.23351014671547762,,0.8853443588872917,0.0,0.11465564111270836,False,456,24,4540,0,0,0.0,0.0
374,46,false-accept-claim,True,,aggregate-advisor,honest,0,96,0.14658256627479002,0.08964557267248835,0.11014075094448908,11.15504056907981,0.6264367816091954,0.09413217311522742,,0.837230450976964,0.0,0.16276954902303598,False,456,24,4540,96,0,0.0,0.0
375,46,all-fail,False,all_failed,,,0,0,0.0,0.0,0.0,0.0,,,,0.0,0.0,0.0,True,456,24,0,0,0,,
376,47,honest,True,,aggregate-advisor,honest,0,96,0.15176928692282082,0.10834603144293234,0.13509745461366218,9.22968738847363,0.4657933165235173,0.10403214656696169,,0.8026504333793615,0.0,0.1973495666206385,False,456,24,4500,0,0,0.0,0.0983715511883124
377,47,fast-worker,True,,aggregate-advisor,honest,0,96,0.15176928692282088,0.10834603144293234,0.13509745461366224,9.22968738847363,0.4657933165235173,0.10403214656696169,1.0,0.8026504333793615,0.0,0.19734956662063846,False,456,24,4500,0,0,0.0,0.09837155118831242
378,47,slow-worker,True,,aggregate-advisor,honest,0,96,0.15176928692282082,0.10834603144293233,0.1350974546136622,9.229687388473632,0.4657933165235173,0.10403214656696169,1.0,0.8026504333793615,0.0,0.19734956662063846,False,456,24,4500,0,0,0.0,0.09837155118831242
379,47,order-bias,True,,aggregate-advisor,honest,0,96,0.23476847069806536,0.12031333728710854,0.142894048464545,8.311630468812115,0.4657933165235173,0.12863738757464743,,0.8070334861527356,0.0,0.19296651384726443,False,456,24,4500,0,0,0.0,0.09578980135911053
380,47,timing-outliers,True,,aggregate-advisor,honest,0,96,0.14637278041267895,0.11956694003875616,0.14641010097297485,8.36351586547136,0.541547535774671,0.3791718680289194,,0.8995683838539729,0.0,0.10043161614602725,False,456,24,4490,0,0,0.0,0.0
381,47,candidate-measurement-bias,True,,aggregate-advisor,honest,0,96,0.21394621513948442,0.14341028448947268,0.1868361014718128,6.973000601455518,0.49117272250711247,0.21415340482008893,,0.8658051674585766,0.0,0.13419483254142328,False,456,24,4500,0,0,0.0,0.06392011067208017
382,47,false-accept-claim,True,,aggregate-advisor,honest,0,96,0.15176928692282082,0.10834603144293234,0.13509745461366218,9.22968738847363,0.4657933165235173,0.10403214656696169,,0.8026504333793615,0.0,0.1973495666206385,False,456,24,4500,96,0,0.0,0.0983715511883124
383,47,all-fail,False,all_failed,,,0,0,0.0,0.0,0.0,0.0,,,,0.0,0.0,0.0,True,456,24,0,0,0,,
384,48,honest,True,,warm-specialist,honest,0,94,0.163669358858477,0.13742154081751573,0.16639689783285253,7.276879549239781,0.39148014634313566,0.11230292010703041,,0.874599678516762,0.0,0.1254003214832378,False,456,24,4460,0,0,0.0,0.0
385,48,fast-worker,True,,warm-specialist,honest,0,94,0.16366935885847708,0.13742154081751573,0.16639689783285255,7.276879549239781,0.39148014634313566,0.1123029201070304,1.0,0.8745996785167622,0.0,0.12540032148323782,False,456,24,4460,0,0,0.0,0.0
386,48,slow-worker,True,,warm-specialist,honest,0,94,0.163669358858477,0.1374215408175157,0.16639689783285253,7.276879549239783,0.39148014634313566,0.1123029201070304,1.0,0.8745996785167622,0.0,0.12540032148323782,False,456,24,4460,0,0,0.0,0.0
387,48,order-bias,True,,warm-specialist,honest,0,94,0.26320657207380965,0.15672460766177,0.18700715975113005,6.380618939931352,0.37843080813169777,0.14784970265268355,,0.8772828074641532,0.0,0.12271719253584679,False,456,24,4460,0,0,0.0,0.0
388,48,timing-outliers,True,,covering-join,honest,0,95,0.15088687030924677,0.08978359875939808,0.11111735788380822,11.137891706477461,0.5114942528735632,0.441432081964543,,0.8187374618929081,0.0,0.1812625381070919,False,456,24,4520,0,0,0.0,0.0
389,48,candidate-measurement-bias,True,,warm-specialist,honest,0,94,0.1658423260734618,0.18183804232107437,0.2220537906612586,5.499399285405217,0.42263783810767397,0.2156473665361952,,0.9181297277332043,0.0,0.08187027226679554,False,456,24,4460,0,0,0.0,0.0
390,48,false-accept-claim,True,,warm-specialist,honest,0,94,0.163669358858477,0.13742154081751573,0.16639689783285253,7.276879549239781,0.39148014634313566,0.11230292010703041,,0.874599678516762,0.0,0.1254003214832378,False,456,24,4460,94,0,0.0,0.0
391,48,all-fail,False,all_failed,,,0,0,0.0,0.0,0.0,0.0,,,,0.0,0.0,0.0,True,456,24,0,0,0,,
392,49,honest,True,,aggregate-advisor,honest,0,95,0.1476226018241999,0.0896769774013529,0.11093732006776875,11.151134092359737,0.6264367816091954,0.06714878357155094,,0.8377630710299419,0.0,0.16223692897005806,False,456,24,4500,0,0,0.0,0.0
393,49,fast-worker,True,,aggregate-advisor,honest,0,95,0.1476226018241999,0.0896769774013529,0.11093732006776877,11.151134092359737,0.6264367816091954,0.06714878357155095,1.0,0.8377630710299419,0.0,0.16223692897005812,False,456,24,4500,0,0,0.0,0.0
394,49,slow-worker,True,,aggregate-advisor,honest,0,95,0.14762260182419992,0.08967697740135293,0.11093732006776877,11.151134092359733,0.6264367816091954,0.06714878357155095,1.0,0.8377630710299419,0.0,0.1622369289700581,False,456,24,4500,0,0,0.0,0.0
395,49,order-bias,True,,warm-specialist,honest,0,95,0.23465306268329456,0.09926106807284463,0.12254177639270729,10.07444327786329,0.6149425287356322,0.09669036194303514,,0.8422419191313948,0.0,0.15775808086860518,False,456,24,4500,0,0,0.0,0.0
396,49,timing-outliers,True,,noisy-search,honest,0,94,0.16906334694057723,0.09122491342258206,0.11125825152544122,10.96191777533063,0.46205941750953433,0.14715542711861082,,0.8227825983211526,0.0,0.17721740167884742,False,456,24,4510,0,0,0.0,0.0
397,49,candidate-measurement-bias,True,,warm-specialist,honest,0,95,0.20258229282885318,0.12634526087975503,0.15482081652302282,7.914820018075053,0.6128859427941017,0.22391328519390563,,0.8894687169959812,0.0,0.1105312830040189,False,456,24,4500,0,0,0.0,0.0
398,49,false-accept-claim,True,,aggregate-advisor,honest,0,95,0.1476226018241999,0.0896769774013529,0.11093732006776875,11.151134092359737,0.6264367816091954,0.06714878357155094,,0.8377630710299419,0.0,0.16223692897005806,False,456,24,4500,95,0,0.0,0.0
399,49,all-fail,False,all_failed,,,0,0,0.0,0.0,0.0,0.0,,,,0.0,0.0,0.0,True,456,24,0,0,0,,
400,50,honest,True,,warm-specialist,honest,0,94,0.14146278138502844,0.09760095747418616,0.12241179356635043,10.245801126126077,0.39432687168206443,0.09043748209216694,,0.8148899119180247,0.0,0.1851100880819752,False,456,24,4480,0,0,0.0,0.0925946069795057
401,50,fast-worker,True,,warm-specialist,honest,0,94,0.14146278138502846,0.09760095747418618,0.12241179356635047,10.245801126126077,0.39432687168206443,0.09043748209216697,1.0,0.8148899119180248,0.0,0.1851100880819752,False,456,24,4480,0,0,0.0,0.0925946069795057
402,50,slow-worker,True,,warm-specialist,honest,0,94,0.1414627813850284,0.09760095747418618,0.12241179356635046,10.245801126126077,0.39432687168206443,0.09043748209216697,1.0,0.8148899119180247,0.0,0.1851100880819752,False,456,24,4480,0,0,0.0,0.09259460697950571
403,50,order-bias,True,,warm-specialist,honest,0,94,0.24092913082823478,0.1089943287498409,0.1410930228007645,9.174789289222167,0.39432687168206443,0.12531051857357328,,0.8159434940445169,0.0,0.18405650595548317,False,456,24,4480,0,0,0.0,0.09200672577860375
404,50,timing-outliers,True,,aggregate-advisor,honest,0,95,0.15766677604810905,0.09861538191534255,0.12285407189845886,10.140405893864113,0.6024318987782536,0.2784890561047648,,0.8295209530759284,0.0,0.17047904692407154,False,456,24,4500,0,0,0.0,0.0
405,50,candidate-measurement-bias,True,,warm-specialist,honest,0,94,0.2976452501506496,0.1425552298026916,0.19240126399584045,7.01482507084506,0.42327140766488774,0.25319023482120706,,0.8603821331860356,0.0,0.13961786681396438,False,456,24,4480,0,0,0.0,0.07046788715175116
406,50,false-accept-claim,True,,warm-specialist,honest,0,94,0.14146278138502844,0.09760095747418616,0.12241179356635043,10.245801126126077,0.39432687168206443,0.09043748209216694,,0.8148899119180247,0.0,0.1851100880819752,False,456,24,4480,94,0,0.0,0.0925946069795057
407,50,all-fail,False,all_failed,,,0,0,0.0,0.0,0.0,0.0,,,,0.0,0.0,0.0,True,456,24,0,0,0,,
408,51,honest,True,,warm-specialist,honest,0,95,0.12444391881475433,0.11826999445910204,0.13912223372864038,8.455229955606379,0.5666095422467236,0.09685499216975592,,0.895345696935728,0.0,0.10465430306427206,False,456,24,4490,0,0,0.0,0.0
409,51,fast-worker,True,,warm-specialist,honest,0,95,0.12444391881475426,0.11826999445910201,0.13912223372864035,8.45522995560638,0.5666095422467236,0.09685499216975597,1.0,0.8953456969357279,0.0,0.10465430306427209,False,456,24,4490,0,0,0.0,0.0
410,51,slow-worker,True,,warm-specialist,honest,0,95,0.12444391881475433,0.11826999445910204,0.13912223372864038,8.455229955606379,0.5666095422467236,0.09685499216975595,1.0,0.895345696935728,0.0,0.10465430306427208,False,456,24,4490,0,0,0.0,0.0
411,51,order-bias,True,,warm-specialist,honest,0,95,0.19377430810526708,0.12764837858206848,0.1488191966904695,7.834020385594431,0.5666095422467236,0.12057815633179782,,0.9040050460686886,0.0,0.0959949539313115,False,456,24,4490,0,0,0.0,0.0
412,51,timing-outliers,True,,aggregate-advisor,honest,0,95,0.15024140141641582,0.08986579804527176,0.11078365707231821,11.12770399586536,0.6954022988505747,0.3540559113137391,,0.8504126644420972,0.0,0.14958733555790277,False,456,24,4530,0,0,0.0,0.0
413,51,candidate-measurement-bias,True,,timeout-prone,honest,0,95,0.14779990783626978,0.15406718542209108,0.1832399927911657,6.49067481346105,0.6195208477771773,0.22105425769287815,,0.9381265528919783,0.0,0.06187344710802165,False,456,24,4490,0,0,0.0,0.0
414,51,false-accept-claim,True,,warm-specialist,honest,0,95,0.12444391881475433,0.11826999445910204,0.13912223372864038,8.455229955606379,0.5666095422467236,0.09685499216975592,,0.895345696935728,0.0,0.10465430306427206,False,456,24,4490,95,0,0.0,0.0
415,51,all-fail,False,all_failed,,,0,0,0.0,0.0,0.0,0.0,,,,0.0,0.0,0.0,True,456,24,0,0,0,,
416,52,honest,True,,warm-specialist,honest,0,96,0.15315263664651504,0.1202625498769874,0.15620551968834823,8.315140507355508,0.18386578283823052,0.1434326792213296,,0.7641651080934799,0.0,0.23583489190652013,False,456,24,4500,0,0,0.0,0.0
417,52,fast-worker,True,,warm-specialist,honest,0,96,0.15315263664651502,0.12026254987698738,0.15620551968834823,8.315140507355508,0.18386578283823052,0.14343267922132963,1.0,0.7641651080934799,0.0,0.23583489190652013,False,456,24,4500,0,0,0.0,0.0
418,52,slow-worker,True,,warm-specialist,honest,0,96,0.15315263664651502,0.12026254987698737,0.15620551968834823,8.31514050735551,0.18386578283823052,0.14343267922132966,1.0,0.7641651080934798,0.0,0.23583489190652013,False,456,24,4500,0,0,0.0,0.0
419,52,order-bias,True,,warm-specialist,honest,0,96,0.27092726651080185,0.1379802234534993,0.1860626085700437,7.247415426436165,0.20838122054999458,0.18151272531112705,,0.7601492515096678,0.0,0.23985074849033222,False,456,24,4500,0,0,0.0,0.0
420,52,timing-outliers,True,,aggregate-advisor,honest,0,95,0.15892901583607189,0.13637399837353606,0.172012714158171,7.332776129808439,0.2927406203782266,0.5430491148605031,,0.8642888187342402,0.0,0.1357111812657597,False,456,24,4450,0,0,0.0,0.1357111812657597
421,52,candidate-measurement-bias,True,,high-setup-star,honest,0,96,0.3215527406686586,0.19240358707820698,0.25,5.197408297764877,0.2554098157036985,0.31169576631290125,,0.7922714392661413,0.0,0.20772856073385873,False,456,24,4500,0,0,0.0,0.0
422,52,false-accept-claim,True,,warm-specialist,honest,0,96,0.15315263664651504,0.1202625498769874,0.15620551968834823,8.315140507355508,0.18386578283823052,0.1434326792213296,,0.7641651080934799,0.0,0.23583489190652013,False,456,24,4500,96,0,0.0,0.0
423,52,all-fail,False,all_failed,,,0,0,0.0,0.0,0.0,0.0,,,,0.0,0.0,0.0,True,456,24,0,0,0,,
424,53,honest,True,,aggregate-advisor,honest,0,95,0.1437881832474264,0.0978438700780689,0.12050259374361955,10.220364333525518,0.5616170596683948,0.07102236142343897,,0.8232308963738295,0.0,0.17676910362617038,False,456,24,4510,0,0,0.0,0.0
425,53,fast-worker,True,,aggregate-advisor,honest,0,95,0.14378818324742648,0.0978438700780689,0.12050259374361957,10.220364333525518,0.5616170596683948,0.07102236142343897,1.0,0.8232308963738295,0.0,0.17676910362617038,False,456,24,4510,0,0,0.0,0.0
426,53,slow-worker,True,,aggregate-advisor,honest,0,95,0.14378818324742648,0.09784387007806891,0.12050259374361957,10.220364333525517,0.5616170596683948,0.07102236142343898,1.0,0.8232308963738296,0.0,0.17676910362617038,False,456,24,4510,0,0,0.0,0.0
427,53,order-bias,True,,warm-specialist,honest,0,95,0.2248979209654489,0.10790732784185963,0.13275068444998528,9.267211226521336,0.549667760526514,0.09506162494987025,,0.8281841253058694,0.0,0.17181587469413062,False,456,24,4510,0,0,0.0,0.0
428,53,timing-outliers,True,,aggregate-advisor,honest,0,95,0.15696024319843033,0.10829111025283003,0.1346764469344941,9.234368339795154,0.41063358167204816,0.20537932725206817,,0.8055622068356112,0.0,0.19443779316438886,False,456,24,4480,0,0,0.0,0.0
429,53,candidate-measurement-bias,True,,aggregate-advisor,honest,0,95,0.20953528583653472,0.12671378087993598,0.164080084794802,7.8918014524996405,0.5748910163806684,0.17860759009009117,,0.8769899234465791,0.0,0.1230100765534208,False,456,24,4510,0,0,0.0,0.0
430,53,false-accept-claim,True,,aggregate-advisor,honest,0,95,0.1437881832474264,0.0978438700780689,0.12050259374361955,10.220364333525518,0.5616170596683948,0.07102236142343897,,0.8232308963738295,0.0,0.17676910362617038,False,456,24,4510,95,0,0.0,0.0
431,53,all-fail,False,all_failed,,,0,0,0.0,0.0,0.0,0.0,,,,0.0,0.0,0.0,True,456,24,0,0,0,,
432,54,honest,True,,warm-specialist,honest,0,94,0.16300468388006667,0.12137742616802734,0.14797323954075844,8.238764254365242,0.3790490217894517,0.13747308913905693,,0.8876964851513524,0.0,0.11230351484864767,False,456,24,4470,0,0,0.0,0.0
433,54,fast-worker,True,,warm-specialist,honest,0,94,0.16300468388006673,0.12137742616802734,0.14797323954075847,8.238764254365242,0.3790490217894517,0.13747308913905693,1.0,0.8876964851513524,0.0,0.11230351484864767,False,456,24,4470,0,0,0.0,0.0
434,54,slow-worker,True,,warm-specialist,honest,0,94,0.16300468388006673,0.12137742616802732,0.14797323954075844,8.238764254365243,0.3790490217894517,0.13747308913905695,1.0,0.8876964851513522,0.0,0.1123035148486477,False,456,24,4470,0,0,0.0,0.0
435,54,order-bias,True,,warm-specialist,honest,0,94,0.2685684593443638,0.1387319684869566,0.16843324491967576,7.208143954895434,0.3790490217894517,0.1734498470025643,,0.8910308540516042,0.0,0.10896914594839573,False,456,24,4470,0,0,0.0,0.0
436,54,timing-outliers,True,,warm-specialist,honest,0,95,0.1602380439834217,0.09953264599211625,0.1234547473472338,10.046954846143723,0.5907341920058603,0.5191440621770761,,0.8196835500915577,0.0,0.18031644990844226,False,456,24,4520,0,0,0.0,0.0
437,54,candidate-measurement-bias,True,,warm-specialist,honest,0,94,0.2640944523927626,0.1777567578658927,0.21063878927041432,5.625665161796227,0.44431009089732526,0.2764521412777749,,0.9169686203990101,0.0,0.08303137960098995,False,456,24,4470,0,0,0.0,0.0
438,54,false-accept-claim,True,,warm-specialist,honest,0,94,0.16300468388006667,0.12137742616802734,0.14797323954075844,8.238764254365242,0.3790490217894517,0.13747308913905693,,0.8876964851513524,0.0,0.11230351484864767,False,456,24,4470,94,0,0.0,0.0
439,54,all-fail,False,all_failed,,,0,0,0.0,0.0,0.0,0.0,,,,0.0,0.0,0.0,True,456,24,0,0,0,,
440,55,honest,True,,aggregate-advisor,honest,0,95,0.1387657585011014,0.08220864668780974,0.10169110585037172,12.164170562222434,0.6954022988505747,0.07199515645055081,,0.8515982133921209,0.0,0.148401786607879,False,456,24,4530,0,0,0.0,0.07420058585045067
441,55,fast-worker,True,,aggregate-advisor,honest,0,95,0.13876575850110134,0.08220864668780974,0.10169110585037172,12.164170562222434,0.6954022988505747,0.07199515645055084,1.0,0.8515982133921209,0.0,0.14840178660787906,False,456,24,4530,0,0,0.0,0.07420058585045072
442,55,slow-worker,True,,aggregate-advisor,honest,0,95,0.13876575850110137,0.08220864668780974,0.10169110585037174,12.164170562222434,0.6954022988505747,0.07199515645055081,1.0,0.851598213392121,0.0,0.148401786607879,False,456,24,4530,0,0,0.0,0.07420058585045067
443,55,order-bias,True,,warm-specialist,honest,0,95,0.22191012142522945,0.09031722548809659,0.11132015942125914,11.072085026923192,0.6839080459770115,0.09686414058151264,,0.8561133992077283,0.0,0.14388660079227178,False,456,24,4530,0,0,0.0,0.07182805825431295
444,55,timing-outliers,True,,aggregate-advisor,honest,0,95,0.17273794400729586,0.10027435861425289,0.12998848746344796,9.972639205271975,0.5803481718736642,0.17823037474005088,,0.9074963777279472,0.0,0.09250362227205279,False,456,24,4480,0,0,0.0,0.09250362227205279
445,55,candidate-measurement-bias,True,,aggregate-advisor,honest,0,95,0.20119955002396434,0.11298017368122848,0.14310788239339173,8.851110486176822,0.6864322559293939,0.20110188487180805,,0.8947937971798412,0.0,0.10520620282015868,False,456,24,4530,0,0,0.0,0.05276046444580185
446,55,false-accept-claim,True,,aggregate-advisor,honest,0,95,0.1387657585011014,0.08220864668780974,0.10169110585037172,12.164170562222434,0.6954022988505747,0.07199515645055081,,0.8515982133921209,0.0,0.148401786607879,False,456,24,4530,95,0,0.0,0.07420058585045067
447,55,all-fail,False,all_failed,,,0,0,0.0,0.0,0.0,0.0,,,,0.0,0.0,0.0,True,456,24,0,0,0,,
448,56,honest,True,,aggregate-advisor,honest,0,95,0.14391155499030434,0.13474901752241103,0.16026276925429944,7.421204387139099,0.4567268374003249,0.09490127569516559,,0.8832989710754908,0.0,0.11670102892450905,False,456,24,4450,0,0,0.0,0.0
449,56,fast-worker,True,,aggregate-advisor,honest,0,95,0.14391155499030436,0.13474901752241103,0.16026276925429944,7.421204387139099,0.4567268374003249,0.09490127569516559,1.0,0.8832989710754909,0.0,0.11670102892450906,False,456,24,4450,0,0,0.0,0.0
450,56,slow-worker,True,,aggregate-advisor,honest,0,95,0.14391155499030434,0.13474901752241103,0.16026276925429944,7.421204387139099,0.4567268374003249,0.0949012756951656,1.0,0.8832989710754909,0.0,0.11670102892450909,False,456,24,4450,0,0,0.0,0.0
451,56,order-bias,True,,warm-specialist,honest,0,95,0.21174715016323817,0.14599534283268867,0.17216232212182553,6.849533557697142,0.44367749918888705,0.11942093269584932,,0.8898315045374886,0.0,0.11016849546251138,False,456,24,4450,0,0,0.0,0.0
452,56,timing-outliers,True,,warm-specialist,honest,0,96,0.11889594742135982,0.08761712765971862,0.10686774925196882,11.413293572961344,0.6141296055506469,0.33926179853520727,,0.8438242704738732,0.0,0.15617572952612688,False,456,24,4530,0,0,0.0,0.07808508285787406
453,56,candidate-measurement-bias,True,,warm-specialist,honest,0,95,0.26816699199119737,0.18020210139030007,0.20571905383602965,5.54932485406537,0.4697465768859916,0.2227149294969691,,0.9253715339187659,0.0,0.07462846608123416,False,456,24,4450,0,0,0.0,0.0
454,56,false-accept-claim,True,,aggregate-advisor,honest,0,95,0.14391155499030434,0.13474901752241103,0.16026276925429944,7.421204387139099,0.4567268374003249,0.09490127569516559,,0.8832989710754908,0.0,0.11670102892450905,False,456,24,4450,95,0,0.0,0.0
455,56,all-fail,False,all_failed,,,0,0,0.0,0.0,0.0,0.0,,,,0.0,0.0,0.0,True,456,24,0,0,0,,
456,57,honest,True,,warm-specialist,honest,0,96,0.13907530640254773,0.08922722674897815,0.10994077927908856,11.207341485724841,0.5848853386196637,0.10690213860807585,,0.8347069837091969,0.0,0.1652930162908031,False,456,24,4530,0,0,0.0,0.08236171679807328
457,57,fast-worker,True,,warm-specialist,honest,0,96,0.13907530640254775,0.08922722674897815,0.10994077927908856,11.207341485724841,0.5848853386196637,0.10690213860807586,1.0,0.8347069837091968,0.0,0.16529301629080312,False,456,24,4530,0,0,0.0,0.08236171679807328
458,57,slow-worker,True,,warm-specialist,honest,0,96,0.13907530640254775,0.08922722674897814,0.10994077927908856,11.207341485724843,0.5848853386196637,0.10690213860807585,1.0,0.8347069837091969,0.0,0.16529301629080306,False,456,24,4530,0,0,0.0,0.08236171679807326
459,57,order-bias,True,,warm-specialist,honest,0,96,0.2274244072490288,0.09873228697211796,0.12294378026127974,10.128399034070794,0.6199784589368436,0.12896404415716137,,0.8431822393716216,0.0,0.15681776062837827,False,456,24,4530,0,0,0.0,0.0780953060754154
460,57,timing-outliers,True,,warm-specialist,honest,0,96,0.08340335749875491,0.1277649086147376,0.15844740247351555,7.826875241741069,0.3339974513048365,0.36147680499734564,,0.769199548656723,0.0,0.23080045134327687,False,456,24,4490,0,0,0.0,0.11628459768561678
461,57,candidate-measurement-bias,True,,warm-specialist,honest,0,96,0.25499852366216885,0.12187136309734618,0.14857942184327996,8.20537306373802,0.6557879587896889,0.22297031749551424,,0.887413523800198,0.0,0.11258647619980214,False,456,24,4530,0,0,0.0,0.05480898814728084
462,57,false-accept-claim,True,,warm-specialist,honest,0,96,0.13907530640254773,0.08922722674897815,0.10994077927908856,11.207341485724841,0.5848853386196637,0.10690213860807585,,0.8347069837091969,0.0,0.1652930162908031,False,456,24,4530,96,0,0.0,0.08236171679807328
463,57,all-fail,False,all_failed,,,0,0,0.0,0.0,0.0,0.0,,,,0.0,0.0,0.0,True,456,24,0,0,0,,
464,58,honest,True,,aggregate-advisor,honest,0,94,0.13139924943485223,0.10657167577993414,0.13003371053690194,9.383356249975428,0.5138198631008718,0.08056973904870199,,0.8098111904505647,0.0,0.19018880954943523,False,456,24,4490,0,0,0.0,0.0
465,58,fast-worker,True,,aggregate-advisor,honest,0,94,0.13139924943485223,0.10657167577993414,0.13003371053690194,9.383356249975428,0.5138198631008718,0.08056973904870197,1.0,0.8098111904505647,0.0,0.19018880954943523,False,456,24,4490,0,0,0.0,0.0
466,58,slow-worker,True,,aggregate-advisor,honest,0,94,0.13139924943485232,0.10657167577993415,0.13003371053690196,9.383356249975428,0.5138198631008718,0.080569739048702,1.0,0.8098111904505648,0.0,0.1901888095494352,False,456,24,4490,0,0,0.0,0.0
467,58,order-bias,True,,warm-specialist,honest,0,94,0.19712590597023055,0.11417584501754414,0.14034205861832025,8.758419960424563,0.5018705639589911,0.10184243104865619,,0.8177327412946008,0.0,0.18226725870539923,False,456,24,4490,0,0,0.0,0.0
468,58,timing-outliers,True,,warm-specialist,honest,0,93,0.1428370526126621,0.10767079399525013,0.12720691702871445,9.287569663915683,0.6536553093734954,0.23541873116190137,,0.9079070351284582,0.0,0.09209296487154187,False,456,24,4480,0,0,0.0,0.0
469,58,candidate-measurement-bias,True,,aggregate-advisor,honest,0,94,0.21682787129442144,0.1450654629247172,0.18152882828470937,6.893439553692787,0.5369861142017233,0.21138667268419742,,0.8669304608515288,0.0,0.13306953914847114,False,456,24,4490,0,0,0.0,0.0
470,58,false-accept-claim,True,,aggregate-advisor,honest,0,94,0.13139924943485223,0.10657167577993414,0.13003371053690194,9.383356249975428,0.5138198631008718,0.08056973904870199,,0.8098111904505647,0.0,0.19018880954943523,False,456,24,4490,94,0,0.0,0.0
471,58,all-fail,False,all_failed,,,0,0,0.0,0.0,0.0,0.0,,,,0.0,0.0,0.0,True,456,24,0,0,0,,
472,59,honest,True,,aggregate-advisor,honest,0,96,0.16177750489459886,0.10865811523560268,0.139158481628987,9.203178224025942,0.44740673823969423,0.10305788321013369,,0.7948714082010055,0.0,0.20512859179899445,False,456,24,4510,0,0,0.0,0.10177225973166648
473,59,fast-worker,True,,aggregate-advisor,honest,0,96,0.1617775048945989,0.10865811523560269,0.13915848162898697,9.20317822402594,0.44740673823969423,0.1030578832101337,1.0,0.7948714082010054,0.0,0.2051285917989945,False,456,24,4510,0,0,0.0,0.10177225973166648
474,59,slow-worker,True,,aggregate-advisor,honest,0,96,0.1617775048945989,0.1086581152356027,0.139158481628987,9.20317822402594,0.44740673823969423,0.10305788321013372,1.0,0.7948714082010055,0.0,0.2051285917989945,False,456,24,4510,0,0,0.0,0.10177225973166648
475,59,order-bias,True,,aggregate-advisor,honest,0,96,0.2526858942642239,0.12172080559869058,0.1496552725717373,8.215522359398166,0.48417989480734036,0.13491485990977653,,0.7982871075621867,0.0,0.20171289243781337,False,456,24,4510,0,0,0.0,0.09975819072435178
476,59,timing-outliers,True,,aggregate-advisor,honest,0,96,0.11949697469887761,0.09508833079395163,0.11992006412798825,10.516537535682643,0.5855156579521562,0.3159890520286683,,0.8379661270026778,0.0,0.16203387299732228,False,456,24,4490,0,0,0.0,0.0814948234882568
477,59,candidate-measurement-bias,True,,aggregate-advisor,honest,0,96,0.18636071487121447,0.15907528493910472,0.20493350101254634,6.2863316597723395,0.59469196781642,0.2631220451783967,,0.8500750441276135,0.0,0.14992495587238652,False,456,24,4510,0,0,0.0,0.07399682029084681
478,59,false-accept-claim,True,,aggregate-advisor,honest,0,96,0.16177750489459886,0.10865811523560268,0.139158481628987,9.203178224025942,0.44740673823969423,0.10305788321013369,,0.7948714082010055,0.0,0.20512859179899445,False,456,24,4510,96,0,0.0,0.10177225973166648
479,59,all-fail,False,all_failed,,,0,0,0.0,0.0,0.0,0.0,,,,0.0,0.0,0.0,True,456,24,0,0,0,,
480,60,honest,True,,warm-specialist,honest,0,95,0.14581049215237718,0.09775308673648606,0.12105114048813272,10.229855991102458,0.532245658143894,0.09683834413054669,,0.8176965265286994,0.0,0.1823034734713006,False,456,24,4520,0,0,0.0,0.0
481,60,fast-worker,True,,warm-specialist,honest,0,95,0.14581049215237718,0.09775308673648604,0.12105114048813272,10.229855991102458,0.532245658143894,0.09683834413054672,1.0,0.8176965265286993,0.0,0.1823034734713007,False,456,24,4520,0,0,0.0,0.0
482,60,slow-worker,True,,warm-specialist,honest,0,95,0.14581049215237718,0.09775308673648604,0.12105114048813272,10.229855991102458,0.532245658143894,0.0968383441305467,1.0,0.8176965265286994,0.0,0.18230347347130066,False,456,24,4520,0,0,0.0,0.0
483,60,order-bias,True,,warm-specialist,honest,0,95,0.23855041766393928,0.10892122836106109,0.134923068552,9.180946772699967,0.5556410716886805,0.12774459537536922,,0.824943806056547,0.0,0.17505619394345304,False,456,24,4520,0,0,0.0,0.0
484,60,timing-outliers,True,,warm-specialist,honest,0,93,0.12191922743246676,0.08776849773994316,0.10794269570768908,11.393609617917651,0.7068965517241379,0.30106379175117504,,0.8457016302801299,0.0,0.15429836971987004,False,456,24,4510,0,0,0.0,0.0
485,60,candidate-measurement-bias,True,,warm-specialist,honest,0,95,0.2631652251387856,0.13727706968882175,0.16776522282788883,7.28453777653318,0.5883705050823377,0.24075665219490092,,0.8728644746112174,0.0,0.12713552538878264,False,456,24,4520,0,0,0.0,0.0
486,60,false-accept-claim,True,,warm-specialist,honest,0,95,0.14581049215237718,0.09775308673648606,0.12105114048813272,10.229855991102458,0.532245658143894,0.09683834413054669,,0.8176965265286994,0.0,0.1823034734713006,False,456,24,4520,95,0,0.0,0.0
487,60,all-fail,False,all_failed,,,0,0,0.0,0.0,0.0,0.0,,,,0.0,0.0,0.0,True,456,24,0,0,0,,
488,61,honest,True,,aggregate-advisor,honest,0,96,0.1492162895222546,0.09826875108176497,0.11841288372147778,10.176174918188849,0.6353285249985375,0.09389919248331985,,0.912519830438546,0.0,0.08748016956145388,False,456,24,4510,0,0,0.0,0.0
489,61,fast-worker,True,,aggregate-advisor,honest,0,96,0.14921628952225466,0.09826875108176497,0.11841288372147778,10.176174918188849,0.6353285249985375,0.09389919248331985,1.0,0.9125198304385461,0.0,0.0874801695614539,False,456,24,4510,0,0,0.0,0.0
490,61,slow-worker,True,,aggregate-advisor,honest,0,96,0.14921628952225463,0.098268751081765,0.11841288372147775,10.176174918188845,0.6353285249985375,0.09389919248331986,1.0,0.9125198304385462,0.0,0.08748016956145391,False,456,24,4510,0,0,0.0,0.0
491,61,order-bias,True,,warm-specialist,honest,0,96,0.2323850205173323,0.10901112304415901,0.12971965032192606,9.173375817758641,0.598674956248622,0.12400252291039389,,0.9152427402162223,0.0,0.08475725978377775,False,456,24,4510,0,0,0.0,0.0
492,61,timing-outliers,True,,aggregate-advisor,honest,0,93,0.177935457050484,0.12383447246911501,0.14609160407458666,8.075295836943994,0.4110541536602924,0.3148600435920561,,1.0,0.0,0.0,False,456,24,4460,0,0,0.0,0.0
493,61,candidate-measurement-bias,True,,aggregate-advisor,honest,0,96,0.23924473539891927,0.13378216453523542,0.1581901944701625,7.474837946254196,0.6198435650432981,0.21309422143980672,,0.9414323587274128,0.0,0.058567641272587206,False,456,24,4510,0,0,0.0,0.0
494,61,false-accept-claim,True,,aggregate-advisor,honest,0,96,0.1492162895222546,0.09826875108176497,0.11841288372147778,10.176174918188849,0.6353285249985375,0.09389919248331985,,0.912519830438546,0.0,0.08748016956145388,False,456,24,4510,96,0,0.0,0.0
495,61,all-fail,False,all_failed,,,0,0,0.0,0.0,0.0,0.0,,,,0.0,0.0,0.0,True,456,24,0,0,0,,
496,62,honest,True,,aggregate-advisor,honest,0,96,0.12191913027999761,0.10591380665422195,0.12954569620566403,9.441639684094367,0.5288355727636086,0.07482262426515479,,0.9054640656036689,0.0,0.09453593439633111,False,456,24,4510,0,0,0.0,0.0
497,62,fast-worker,True,,aggregate-advisor,honest,0,96,0.12191913027999761,0.10591380665422198,0.12954569620566408,9.441639684094364,0.5288355727636086,0.0748226242651548,1.0,0.9054640656036688,0.0,0.09453593439633111,False,456,24,4510,0,0,0.0,0.0
498,62,slow-worker,True,,aggregate-advisor,honest,0,96,0.12191913027999765,0.10591380665422198,0.12954569620566406,9.441639684094364,0.5288355727636086,0.07482262426515482,1.0,0.905464065603669,0.0,0.09453593439633112,False,456,24,4510,0,0,0.0,0.0
499,62,order-bias,True,,aggregate-advisor,honest,0,96,0.18595492139798775,0.11325172074387821,0.13481496889952171,8.829887911915499,0.503652926441532,0.09710527227671883,,0.9102469650466265,0.0,0.08975303495337349,False,456,24,4510,0,0,0.0,0.0
500,62,timing-outliers,True,,aggregate-advisor,honest,0,96,0.14452599157503845,0.08224512403838936,0.10242547038201988,12.158775510305418,0.7139526427119981,0.2369849516490019,,0.8555481242224939,0.0,0.14445187577750612,False,456,24,4530,0,0,0.0,0.0
501,62,candidate-measurement-bias,True,,aggregate-advisor,honest,0,96,0.18552305872886538,0.13872880770432858,0.17740933988609683,7.208308184492515,0.52420994811915,0.19707256417023714,,0.9350829866461486,0.0,0.06491701335385143,False,456,24,4510,0,0,0.0,0.0
502,62,false-accept-claim,True,,aggregate-advisor,honest,0,96,0.12191913027999761,0.10591380665422195,0.12954569620566403,9.441639684094367,0.5288355727636086,0.07482262426515479,,0.9054640656036689,0.0,0.09453593439633111,False,456,24,4510,96,0,0.0,0.0
503,62,all-fail,False,all_failed,,,0,0,0.0,0.0,0.0,0.0,,,,0.0,0.0,0.0,True,456,24,0,0,0,,
504,63,honest,True,,aggregate-advisor,honest,0,95,0.1478660564674071,0.0980885157276537,0.11890845383637216,10.194873401658315,0.6730484246481713,0.05789211982131482,,0.9128620888541085,0.0,0.08713791114589149,False,456,24,4520,0,0,0.0,0.0
505,63,fast-worker,True,,aggregate-advisor,honest,0,95,0.14786605646740714,0.09808851572765372,0.11890845383637219,10.194873401658313,0.6730484246481713,0.05789211982131482,1.0,0.9128620888541086,0.0,0.08713791114589153,False,456,24,4520,0,0,0.0,0.0
506,63,slow-worker,True,,aggregate-advisor,honest,0,95,0.14786605646740716,0.09808851572765369,0.11890845383637216,10.194873401658317,0.6730484246481713,0.05789211982131482,1.0,0.9128620888541085,0.0,0.08713791114589149,False,456,24,4520,0,0,0.0,0.0
507,63,order-bias,True,,warm-specialist,honest,0,95,0.23036668351968578,0.10866418515540835,0.12988148329604057,9.202664139705545,0.637311340153578,0.0915212304252613,,0.9163375260515128,0.0,0.0836624739484873,False,456,24,4520,0,0,0.0,0.0
508,63,timing-outliers,True,,aggregate-advisor,honest,0,94,0.15600356715271713,0.09065998003636579,0.11399367625742493,11.03022523939314,0.6492237016517758,0.1150734212076223,,0.9245203382355526,0.0,0.07547966176444741,False,456,24,4490,0,0,0.0,0.07547966176444741
509,63,candidate-measurement-bias,True,,aggregate-advisor,honest,0,95,0.24094744277662114,0.13388947660521472,0.15923125603017255,7.468846882930096,0.6421574812129534,0.1926342070901629,,0.9440089672771822,0.0,0.055991032722817746,False,456,24,4520,0,0,0.0,0.0
510,63,false-accept-claim,True,,aggregate-advisor,honest,0,95,0.1478660564674071,0.0980885157276537,0.11890845383637216,10.194873401658315,0.6730484246481713,0.05789211982131482,,0.9128620888541085,0.0,0.08713791114589149,False,456,24,4520,95,0,0.0,0.0
511,63,all-fail,False,all_failed,,,0,0,0.0,0.0,0.0,0.0,,,,0.0,0.0,0.0,True,456,24,0,0,0,,
